Age,Gender,MaritalStatus,IncomeLevel,NumTransactions,TotalAmountSpent,AvgTransactionAmount,NumServiceInteractions,NumUnresolvedIssues,LastLoginDate,LoginFrequency,ServiceUsage,ChurnStatus
62,M,Single,Low,1,416.5,416.5,1,0,2023-10-21,34,Mobile App,0
65,M,Married,Low,7,1547.4199999999998,221.05999999999997,1,0,2023-12-05,5,Website,1
18,M,Single,Low,6,1702.98,283.83,1,0,2023-11-15,3,Website,0
21,M,Widowed,Low,5,917.29,183.458,2,1,2023-08-25,2,Website,0
21,M,Divorced,Medium,8,2001.49,250.18625,0,0,2023-10-27,41,Website,0
57,F,Divorced,Medium,5,1164.29,232.858,1,0,2023-09-17,2,Website,0
27,F,Married,High,1,86.73,86.73,0,0,2023-01-07,32,Mobile App,0
37,M,Single,Low,7,2046.88,292.4114285714286,2,2,2023-04-22,17,Online Banking,1
39,M,Divorced,High,5,1317.24,263.448,1,0,2023-06-27,24,Website,0
68,M,Married,High,7,1397.36,199.62285714285713,0,0,2023-01-13,29,Online Banking,1
54,M,Divorced,Medium,5,1733.83,346.76599999999996,2,1,2023-01-22,30,Online Banking,0
41,F,Married,Low,1,87.1,87.1,2,1,2023-12-31,43,Website,0
24,F,Divorced,Low,3,392.02,130.67333333333332,1,0,2023-07-05,10,Mobile App,0
42,M,Widowed,Medium,9,2843.59,315.95444444444445,2,1,2023-01-10,26,Online Banking,0
42,M,Divorced,Medium,8,1914.02,239.2525,2,2,2023-06-15,44,Online Banking,0
30,F,Single,Medium,9,2019.79,224.42111111111112,2,0,2023-03-15,41,Online Banking,1
19,M,Married,Low,7,1625.27,232.18142857142857,2,1,2023-09-03,8,Online Banking,0
56,F,Married,High,5,951.3800000000001,190.276,1,1,2023-11-24,37,Website,1
57,F,Divorced,High,5,1017.26,203.452,2,2,2023-03-08,39,Online Banking,0
41,M,Single,Low,9,2775.85,308.42777777777775,1,0,2023-08-15,16,Website,0
64,M,Divorced,High,5,913.02,182.60399999999998,0,0,2023-06-16,18,Website,0
42,F,Divorced,Low,6,1582.73,263.78833333333336,2,0,2023-05-06,42,Mobile App,0
35,F,Divorced,Low,4,1490.74,372.685,2,1,2023-07-07,19,Mobile App,0
55,M,Widowed,Medium,5,1143.22,228.644,1,0,2023-10-04,12,Mobile App,0
43,F,Married,Low,3,764.77,254.92333333333332,1,0,2023-02-15,27,Mobile App,0
31,M,Single,Medium,3,571.76,190.58666666666667,1,0,2023-09-29,45,Mobile App,1
26,M,Widowed,Medium,8,2210.6,276.325,1,1,2023-10-01,22,Mobile App,0
27,F,Widowed,High,6,1702.26,283.71,2,2,2023-10-26,42,Online Banking,0
38,F,Divorced,Medium,3,853.0699999999999,284.3566666666666,2,1,2023-09-02,34,Website,0
69,M,Divorced,High,2,706.66,353.33,2,1,2023-07-12,38,Website,0
34,M,Divorced,Low,5,1108.56,221.712,2,0,2023-08-17,23,Online Banking,0
69,F,Married,High,5,1225.52,245.10399999999998,0,0,2023-01-06,48,Mobile App,0
23,M,Divorced,High,2,689.0,344.5,1,0,2023-05-19,24,Mobile App,1
33,M,Widowed,High,9,1886.4,209.60000000000002,2,1,2023-04-03,44,Online Banking,0
65,M,Married,Low,3,779.8399999999999,259.94666666666666,1,1,2023-05-23,19,Mobile App,0
18,F,Widowed,Low,6,1321.5500000000002,220.25833333333335,1,0,2023-02-11,6,Online Banking,0
36,F,Married,Medium,9,3166.88,351.8755555555556,1,0,2023-08-28,3,Online Banking,0
53,F,Married,Low,3,874.86,291.62,1,0,2023-11-27,47,Online Banking,0
42,M,Married,Medium,5,1191.94,238.388,0,0,2023-01-20,26,Online Banking,0
67,F,Widowed,Low,7,1578.3500000000001,225.47857142857146,1,0,2023-10-14,20,Website,0
69,F,Married,High,2,363.22,181.61,1,1,2023-07-04,38,Mobile App,1
47,M,Widowed,Medium,3,530.61,176.87,0,0,2023-07-17,10,Mobile App,0
37,M,Single,Low,7,2213.63,316.23285714285714,2,1,2023-05-25,25,Mobile App,0
37,F,Widowed,Low,3,687.8199999999999,229.2733333333333,1,1,2023-11-13,35,Mobile App,0
32,F,Widowed,Low,1,300.42,300.42,1,1,2023-09-02,49,Online Banking,0
57,F,Married,High,1,134.67,134.67,0,0,2023-07-31,24,Online Banking,1
50,F,Married,Medium,7,1466.37,209.48142857142855,0,0,2023-04-19,21,Website,0
19,M,Divorced,Medium,7,1597.29,228.18428571428572,0,0,2023-06-12,34,Website,0
27,F,Single,Medium,3,641.48,213.82666666666668,0,0,2023-02-19,18,Online Banking,0
50,F,Single,Low,4,1514.62,378.655,2,2,2023-07-15,19,Online Banking,0
49,M,Divorced,Medium,3,549.86,183.28666666666666,0,0,2023-10-31,3,Mobile App,1
28,M,Widowed,Medium,1,401.25,401.25,0,0,2023-02-16,6,Mobile App,0
41,F,Widowed,Low,7,1255.34,179.3342857142857,0,0,2023-10-02,20,Mobile App,0
53,F,Married,Low,2,461.21000000000004,230.60500000000002,2,0,2023-01-20,22,Online Banking,0
29,F,Single,Low,5,1129.35,225.86999999999998,0,0,2023-08-18,33,Website,0
68,F,Married,Low,5,1443.46,288.692,0,0,2023-08-20,14,Mobile App,0
46,F,Divorced,High,3,597.75,199.25,1,1,2023-07-20,44,Online Banking,0
52,M,Single,High,6,2215.82,369.30333333333334,2,2,2023-04-17,9,Online Banking,0
18,M,Married,Medium,3,292.51,97.50333333333333,0,0,2023-12-11,45,Online Banking,0
18,F,Single,High,4,781.09,195.2725,2,1,2023-03-02,25,Mobile App,0
54,M,Single,Low,3,678.97,226.32333333333335,1,0,2023-12-27,47,Website,1
23,F,Married,High,4,840.0,210.0,2,0,2023-08-27,16,Mobile App,0
56,M,Married,Low,9,2205.11,245.01222222222225,0,0,2023-05-26,7,Mobile App,0
58,F,Single,High,3,965.21,321.7366666666667,0,0,2023-06-03,11,Online Banking,0
35,F,Divorced,Low,5,1359.8899999999999,271.97799999999995,0,0,2023-09-25,27,Mobile App,0
33,M,Widowed,Medium,8,1409.11,176.13875,0,0,2023-08-17,40,Online Banking,0
22,F,Single,Medium,4,701.76,175.44,2,0,2023-07-23,17,Online Banking,0
59,F,Divorced,High,4,886.4799999999999,221.61999999999998,2,2,2023-07-25,5,Website,1
60,F,Single,Low,4,1038.53,259.6325,1,0,2023-11-13,29,Mobile App,0
49,F,Married,Medium,7,2453.98,350.56857142857143,0,0,2023-03-15,10,Mobile App,0
19,F,Divorced,Low,3,474.59000000000003,158.1966666666667,2,1,2023-08-17,47,Online Banking,1
19,F,Divorced,High,6,1080.4,180.0666666666667,2,1,2023-04-25,25,Online Banking,1
57,M,Single,Low,9,2254.22,250.46888888888887,1,0,2023-10-27,24,Online Banking,1
59,M,Widowed,Low,8,2083.79,260.47375,1,0,2023-02-19,44,Mobile App,0
53,F,Single,High,4,769.97,192.4925,1,0,2023-06-17,12,Mobile App,1
56,F,Widowed,Medium,4,883.92,220.98,2,1,2023-05-09,5,Website,1
29,M,Divorced,High,8,1797.06,224.6325,0,0,2023-10-15,29,Online Banking,0
64,M,Widowed,Low,3,816.89,272.2966666666667,1,1,2023-10-07,35,Mobile App,0
36,M,Married,High,3,931.3199999999999,310.44,1,0,2023-04-20,23,Online Banking,1
45,M,Widowed,High,1,110.82,110.82,0,0,2023-06-09,32,Mobile App,0
18,F,Widowed,Low,8,2181.77,272.72125,0,0,2023-12-03,40,Website,1
32,F,Divorced,High,1,232.38,232.38,0,0,2023-05-08,19,Mobile App,0
53,M,Widowed,Medium,6,1419.9199999999998,236.6533333333333,2,2,2023-12-31,25,Mobile App,0
30,M,Divorced,Medium,5,1545.91,309.182,0,0,2023-11-30,45,Online Banking,0
60,M,Married,High,9,1690.08,187.78666666666666,0,0,2023-08-08,37,Mobile App,0
38,M,Married,Low,7,1674.6599999999999,239.23714285714283,0,0,2023-10-18,1,Website,0
29,F,Single,High,5,1411.84,282.368,2,1,2023-11-22,43,Website,0
22,M,Single,High,2,447.34000000000003,223.67000000000002,0,0,2023-02-08,13,Online Banking,0
24,M,Single,Medium,7,1951.99,278.85571428571427,0,0,2023-09-06,12,Mobile App,0
22,M,Married,Medium,6,1229.96,204.99333333333334,1,0,2023-05-30,47,Online Banking,0
65,F,Widowed,Low,9,1804.74,200.52666666666667,2,1,2023-02-03,43,Mobile App,0
21,F,Divorced,Low,8,2265.28,283.16,2,1,2023-07-01,37,Mobile App,0
30,F,Married,Low,5,848.07,169.614,2,0,2023-10-16,42,Mobile App,0
54,M,Widowed,High,3,1113.6100000000001,371.2033333333334,0,0,2023-06-27,41,Website,0
58,F,Single,High,3,677.27,225.75666666666666,1,0,2023-06-20,12,Online Banking,0
32,F,Divorced,High,1,161.84,161.84,2,2,2023-02-27,36,Mobile App,0
33,M,Single,High,2,553.65,276.825,2,0,2023-12-20,38,Website,0
38,F,Divorced,Low,5,893.76,178.752,1,0,2023-05-23,9,Mobile App,0
53,M,Widowed,Low,5,889.75,177.95,0,0,2023-02-10,14,Online Banking,0
41,F,Married,Low,4,1108.56,277.14,2,0,2023-06-02,45,Online Banking,1
33,F,Single,High,1,492.35,492.35,2,1,2023-01-15,35,Online Banking,0
31,M,Married,High,6,2029.96,338.32666666666665,2,1,2023-01-14,32,Online Banking,0
39,M,Widowed,Low,9,2297.73,255.30333333333334,2,0,2023-04-27,46,Mobile App,0
66,F,Widowed,Medium,9,2666.84,296.3155555555556,2,1,2023-03-23,3,Online Banking,1
67,F,Widowed,Low,8,1863.6,232.95,2,2,2023-12-24,30,Website,0
23,M,Married,High,3,875.08,291.6933333333333,2,1,2023-07-20,49,Mobile App,0
59,F,Married,High,6,1542.76,257.12666666666667,0,0,2023-01-27,7,Online Banking,1
53,M,Divorced,Low,2,494.30999999999995,247.15499999999997,2,2,2023-03-24,1,Mobile App,1
18,M,Married,Medium,6,1274.7,212.45000000000002,2,2,2023-04-28,20,Mobile App,0
49,M,Married,Medium,3,723.0,241.0,2,0,2023-10-10,25,Website,1
23,F,Widowed,High,2,613.1800000000001,306.59000000000003,1,1,2023-06-17,33,Website,1
48,F,Divorced,High,3,750.17,250.05666666666664,1,0,2023-10-16,35,Website,0
18,F,Married,High,7,1834.01,262.00142857142856,1,1,2023-04-12,44,Online Banking,0
67,F,Married,Low,8,2133.28,266.66,0,0,2023-08-02,24,Website,0
68,F,Widowed,High,5,653.62,130.724,0,0,2023-09-21,14,Mobile App,0
54,M,Married,High,7,1504.28,214.89714285714285,1,0,2023-08-20,39,Mobile App,0
52,F,Widowed,High,2,448.48,224.24,0,0,2023-12-25,44,Online Banking,0
66,M,Divorced,Medium,6,1625.39,270.89833333333337,1,1,2023-10-01,34,Online Banking,0
47,M,Widowed,Medium,8,2012.3300000000002,251.54125000000002,2,0,2023-03-29,18,Mobile App,1
21,F,Widowed,High,6,1168.79,194.79833333333332,2,1,2023-02-23,2,Online Banking,0
52,M,Divorced,Medium,5,1073.01,214.602,2,1,2023-09-09,38,Mobile App,0
60,F,Single,Medium,9,2825.52,313.94666666666666,1,0,2023-06-14,17,Mobile App,1
31,M,Widowed,Medium,3,938.58,312.86,2,0,2023-03-15,23,Mobile App,1
66,M,Married,Medium,7,2283.88,326.2685714285714,2,0,2023-02-19,33,Website,0
57,M,Widowed,Low,2,744.89,372.445,0,0,2023-06-21,28,Online Banking,0
39,F,Divorced,Medium,9,2323.02,258.11333333333334,0,0,2023-05-14,15,Website,0
27,F,Married,Medium,8,1976.17,247.02125,1,0,2023-01-18,11,Website,0
18,F,Divorced,Medium,2,630.2,315.1,2,1,2023-07-07,23,Website,1
28,F,Widowed,Medium,2,243.55,121.775,1,0,2023-03-21,13,Website,0
68,M,Divorced,Low,2,552.23,276.115,1,1,2023-02-25,47,Mobile App,0
61,F,Divorced,Low,8,2726.7,340.8375,1,0,2023-09-24,11,Website,0
41,F,Single,High,9,1879.94,208.88222222222223,0,0,2023-06-15,36,Website,0
20,M,Widowed,Medium,4,896.27,224.0675,1,0,2023-04-13,38,Mobile App,0
52,M,Widowed,Medium,6,1570.08,261.68,1,1,2023-01-05,27,Mobile App,0
53,F,Widowed,High,2,441.75,220.875,0,0,2023-06-19,18,Mobile App,0
48,M,Widowed,Low,2,419.86,209.93,0,0,2023-11-07,40,Mobile App,0
21,F,Married,High,1,431.47,431.47,0,0,2023-06-19,38,Online Banking,1
36,M,Divorced,Low,8,2804.65,350.58125,1,1,2023-03-20,34,Online Banking,0
64,F,Widowed,High,7,2045.49,292.21285714285716,2,1,2023-06-03,22,Website,0
53,M,Married,High,3,1024.23,341.41,1,0,2023-10-21,18,Mobile App,0
38,F,Widowed,Medium,7,2483.75,354.82142857142856,2,0,2023-06-28,41,Online Banking,0
35,M,Divorced,High,5,1391.99,278.398,1,1,2023-04-27,18,Mobile App,0
68,F,Widowed,Low,2,343.27,171.635,1,0,2023-12-25,13,Website,0
45,F,Married,Low,1,419.85,419.85,1,0,2023-02-18,39,Online Banking,1
32,F,Married,High,5,1768.7,353.74,2,2,2023-10-11,16,Online Banking,0
59,F,Divorced,Low,5,1373.73,274.746,0,0,2023-12-12,8,Mobile App,0
19,F,Widowed,High,8,2260.34,282.5425,2,1,2023-09-02,34,Mobile App,0
54,F,Married,Medium,1,13.04,13.04,2,1,2023-03-09,29,Website,0
28,M,Single,Medium,1,444.84,444.84,1,0,2023-02-17,6,Online Banking,0
40,F,Widowed,Medium,8,1193.26,149.1575,0,0,2023-06-29,38,Mobile App,0
61,M,Single,Medium,1,334.2,334.2,2,1,2023-06-02,36,Mobile App,0
58,F,Married,High,7,1448.8,206.97142857142856,0,0,2023-09-30,48,Mobile App,0
29,M,Married,Low,5,1735.16,347.03200000000004,1,1,2023-01-26,42,Online Banking,0
20,F,Divorced,High,7,1753.55,250.50714285714284,0,0,2023-04-19,26,Mobile App,0
69,M,Divorced,Low,8,1883.08,235.385,2,0,2023-04-08,18,Website,0
34,F,Widowed,High,7,702.9200000000001,100.41714285714286,0,0,2023-06-30,11,Mobile App,0
50,M,Married,Low,7,2412.6800000000003,344.66857142857145,0,0,2023-06-13,27,Mobile App,0
18,F,Married,Low,7,1471.29,210.18428571428572,0,0,2023-10-03,30,Online Banking,0
56,M,Married,High,1,25.75,25.75,2,2,2023-05-11,18,Website,0
37,M,Married,Medium,8,2053.13,256.64125,2,1,2023-05-02,43,Online Banking,1
64,M,Single,High,6,1983.84,330.64,1,1,2023-07-24,4,Mobile App,0
60,F,Married,Medium,3,425.88,141.96,2,1,2023-06-11,6,Mobile App,0
69,M,Divorced,High,3,1064.88,354.96000000000004,2,1,2023-01-13,22,Mobile App,0
58,F,Widowed,Low,5,955.49,191.098,1,0,2023-11-25,2,Website,1
31,F,Widowed,Medium,1,181.34,181.34,0,0,2023-03-01,47,Mobile App,0
48,F,Widowed,Low,5,1241.5,248.3,1,0,2023-08-03,48,Online Banking,0
42,F,Single,Low,8,2356.35,294.54375,1,0,2023-03-03,40,Website,0
20,M,Married,Low,4,1126.93,281.7325,2,1,2023-08-29,32,Website,1
21,F,Widowed,High,9,2164.75,240.52777777777777,1,1,2023-06-18,39,Mobile App,0
48,M,Divorced,Low,7,1448.33,206.9042857142857,1,1,2023-10-12,21,Website,1
52,F,Single,High,7,2532.71,361.8157142857143,1,0,2023-05-04,8,Mobile App,0
61,M,Married,Medium,6,1972.76,328.79333333333335,2,1,2023-12-12,25,Website,0
31,F,Married,Low,3,606.09,202.03,1,0,2023-10-22,41,Mobile App,0
66,F,Married,Medium,7,1801.46,257.3514285714286,1,1,2023-03-09,36,Mobile App,1
58,M,Married,Medium,7,1218.9,174.12857142857143,2,1,2023-11-27,4,Website,0
26,F,Single,High,6,936.78,156.13,0,0,2023-09-23,15,Website,1
37,F,Divorced,Medium,1,429.79,429.79,1,1,2023-03-05,28,Website,0
49,F,Married,High,3,741.63,247.21,0,0,2023-05-06,20,Website,0
26,F,Single,High,2,412.58000000000004,206.29000000000002,0,0,2023-09-06,38,Website,0
44,F,Single,Medium,7,1985.93,283.70428571428573,0,0,2023-01-30,6,Online Banking,0
20,F,Divorced,Medium,2,715.6800000000001,357.84000000000003,0,0,2023-04-22,30,Mobile App,0
21,F,Single,Medium,5,1491.65,298.33000000000004,2,0,2023-06-12,32,Online Banking,0
62,F,Single,High,3,1135.44,378.48,1,0,2023-04-21,49,Online Banking,1
32,M,Widowed,High,2,97.19,48.595,0,0,2023-04-14,41,Online Banking,0
50,F,Widowed,Medium,6,1284.89,214.14833333333334,2,0,2023-10-23,4,Online Banking,0
22,M,Divorced,High,3,460.87,153.62333333333333,0,0,2023-10-18,35,Mobile App,0
21,F,Widowed,Medium,2,513.26,256.63,2,0,2023-01-09,30,Mobile App,0
63,M,Single,High,6,1768.25,294.7083333333333,2,1,2023-03-29,49,Mobile App,0
29,M,Single,High,3,574.4699999999999,191.48999999999998,2,1,2023-06-21,41,Mobile App,0
40,M,Divorced,Low,7,1417.97,202.56714285714287,1,1,2023-04-01,22,Website,1
31,F,Single,Low,7,1942.65,277.5214285714286,2,1,2023-02-15,2,Website,0
63,F,Divorced,Medium,3,1172.53,390.8433333333333,2,1,2023-07-07,12,Website,0
29,M,Widowed,Low,1,270.34,270.34,2,1,2023-05-11,34,Website,0
34,F,Widowed,High,5,1388.97,277.794,0,0,2023-10-23,34,Website,0
42,F,Married,Medium,6,1711.71,285.285,2,1,2023-03-07,14,Website,0
47,M,Widowed,Low,8,2134.16,266.77,2,2,2023-01-22,39,Website,0
39,F,Married,Medium,4,925.4300000000001,231.35750000000002,2,1,2023-03-16,39,Online Banking,1
64,M,Married,Medium,7,1461.25,208.75,0,0,2023-06-21,45,Online Banking,0
43,M,Married,High,6,1270.25,211.70833333333334,2,1,2023-01-08,6,Website,0
34,F,Single,Low,6,1702.06,283.6766666666667,2,0,2023-02-10,8,Online Banking,0
37,M,Married,High,3,956.5799999999999,318.85999999999996,2,1,2023-08-14,27,Online Banking,1
51,F,Widowed,Medium,1,336.18,336.18,2,0,2023-03-07,12,Mobile App,0
58,F,Divorced,Medium,6,1767.9,294.65000000000003,2,0,2023-04-16,21,Website,0
50,F,Widowed,Medium,2,454.14,227.07,2,1,2023-05-08,38,Online Banking,0
54,F,Divorced,Low,4,741.9699999999999,185.49249999999998,0,0,2023-01-27,4,Mobile App,0
24,M,Widowed,High,1,99.58,99.58,0,0,2023-11-27,25,Mobile App,0
39,F,Divorced,High,8,1799.17,224.89625,0,0,2023-03-28,43,Website,0
49,F,Widowed,Low,2,436.89,218.445,0,0,2023-06-03,24,Online Banking,0
31,F,Divorced,High,4,1328.06,332.015,0,0,2023-10-12,12,Mobile App,0
25,M,Married,High,7,1727.27,246.75285714285715,0,0,2023-07-24,29,Online Banking,0
42,M,Divorced,Medium,6,1222.21,203.70166666666668,0,0,2023-03-03,35,Online Banking,0
33,F,Married,Medium,7,1047.61,149.6585714285714,1,0,2023-06-14,37,Website,0
59,F,Widowed,Medium,7,2092.89,298.9842857142857,1,0,2023-02-23,30,Website,1
36,F,Divorced,Low,2,734.1,367.05,0,0,2023-11-02,41,Online Banking,0
58,F,Divorced,Medium,6,1343.7,223.95000000000002,2,2,2023-11-07,42,Online Banking,0
33,F,Widowed,High,5,1570.8600000000001,314.172,2,0,2023-09-06,35,Mobile App,0
29,M,Married,Low,8,2576.78,322.0975,1,1,2023-08-14,1,Online Banking,1
56,F,Married,High,7,1766.57,252.36714285714285,0,0,2023-06-12,40,Mobile App,0
65,M,Single,Low,4,1624.32,406.08,0,0,2023-07-18,26,Online Banking,0
47,M,Single,High,3,1030.46,343.4866666666667,0,0,2023-11-12,35,Online Banking,0
19,F,Single,Low,4,1277.29,319.3225,1,0,2023-06-16,42,Mobile App,1
49,M,Divorced,High,7,1702.45,243.20714285714286,0,0,2023-06-03,7,Website,0
62,F,Divorced,Medium,6,1736.26,289.37666666666667,1,0,2023-07-22,4,Online Banking,0
42,M,Divorced,Low,8,2520.32,315.04,0,0,2023-05-16,5,Website,0
42,M,Widowed,High,8,2650.29,331.28625,2,1,2023-07-15,39,Online Banking,0
21,F,Single,High,7,1461.18,208.74,1,1,2023-03-10,11,Mobile App,0
36,M,Widowed,High,7,1250.35,178.62142857142857,0,0,2023-11-08,15,Online Banking,1
65,F,Single,High,6,2185.36,364.2266666666667,2,1,2023-10-16,32,Website,0
21,F,Single,Medium,9,2559.03,284.3366666666667,1,1,2023-12-23,37,Website,0
60,F,Divorced,Medium,6,1468.07,244.6783333333333,2,1,2023-09-04,9,Online Banking,1
30,F,Married,Low,4,1353.42,338.355,0,0,2023-02-20,47,Online Banking,1
56,F,Single,Low,8,2082.19,260.27375,2,2,2023-09-08,32,Online Banking,0
53,F,Married,High,3,817.4200000000001,272.47333333333336,2,0,2023-09-18,33,Website,0
40,M,Widowed,Low,8,1576.7,197.0875,0,0,2023-06-19,23,Online Banking,1
23,M,Divorced,High,3,770.5,256.8333333333333,2,2,2023-12-28,15,Mobile App,0
41,F,Single,Low,6,1482.99,247.165,2,0,2023-09-25,30,Online Banking,1
61,M,Divorced,Low,1,398.99,398.99,0,0,2023-01-13,16,Online Banking,1
50,M,Widowed,High,3,762.4399999999999,254.14666666666665,1,1,2023-09-20,22,Mobile App,1
29,F,Married,Medium,9,2654.84,294.9822222222222,1,1,2023-10-09,43,Mobile App,1
58,M,Divorced,High,2,859.47,429.735,1,0,2023-07-27,30,Online Banking,0
38,F,Divorced,Medium,9,2185.9300000000003,242.88111111111115,1,0,2023-12-19,1,Mobile App,0
28,F,Single,Low,3,726.73,242.24333333333334,2,1,2023-02-16,35,Online Banking,1
61,M,Married,Medium,9,2362.18,262.46444444444444,1,1,2023-12-09,18,Website,0
55,F,Widowed,High,7,1649.9,235.70000000000002,2,2,2023-06-21,15,Online Banking,0
46,F,Single,Low,9,2965.09,329.45444444444445,0,0,2023-05-18,21,Online Banking,0
65,F,Divorced,Medium,4,1171.1399999999999,292.78499999999997,1,0,2023-03-24,40,Mobile App,0
58,F,Divorced,Medium,7,1887.6799999999998,269.6685714285714,2,0,2023-12-24,2,Online Banking,0
20,M,Married,High,5,1519.1399999999999,303.828,1,1,2023-08-26,30,Online Banking,1
45,F,Widowed,Low,1,356.39,356.39,1,1,2023-02-06,40,Website,0
37,M,Widowed,Low,7,1607.36,229.62285714285713,1,0,2023-01-09,32,Website,0
43,F,Divorced,Medium,7,1968.79,281.2557142857143,1,0,2023-03-24,28,Website,1
41,M,Widowed,Medium,4,980.71,245.1775,0,0,2023-08-11,11,Online Banking,1
69,M,Single,Medium,5,1319.11,263.822,1,0,2023-12-03,7,Online Banking,0
64,F,Married,Low,9,2220.26,246.6955555555556,2,1,2023-08-25,1,Mobile App,1
38,M,Divorced,Medium,7,2672.69,381.8128571428571,1,1,2023-06-17,43,Mobile App,0
47,F,Widowed,Medium,1,208.67,208.67,2,1,2023-08-26,28,Mobile App,0
21,F,Widowed,Low,1,92.62,92.62,1,0,2023-01-31,39,Website,0
53,M,Single,Low,4,832.85,208.2125,2,1,2023-06-17,19,Mobile App,0
57,M,Widowed,High,6,1469.67,244.94500000000002,1,0,2023-03-16,39,Online Banking,0
27,M,Single,Low,8,2395.72,299.465,1,0,2023-08-24,32,Website,1
27,M,Married,Low,1,489.07,489.07,1,1,2023-05-29,49,Online Banking,1
59,F,Divorced,High,9,2940.59,326.7322222222222,2,2,2023-02-04,30,Website,1
41,M,Single,Low,1,13.04,13.04,2,0,2023-12-28,2,Website,0
21,F,Widowed,High,2,525.02,262.51,1,0,2023-03-08,44,Online Banking,0
64,M,Widowed,Low,5,1511.8700000000001,302.374,0,0,2023-04-06,43,Online Banking,0
44,M,Married,High,1,459.39,459.39,1,0,2023-01-07,37,Online Banking,0
68,F,Single,Medium,3,461.36,153.78666666666666,1,1,2023-11-24,19,Online Banking,0
62,M,Divorced,Medium,5,1096.16,219.23200000000003,0,0,2023-12-19,26,Mobile App,0
21,F,Widowed,Medium,9,2123.87,235.98555555555555,2,1,2023-06-16,1,Mobile App,0
49,M,Single,High,3,734.74,244.91333333333333,1,1,2023-04-12,42,Mobile App,0
27,M,Widowed,Medium,3,865.97,288.6566666666667,0,0,2023-10-28,28,Online Banking,1
28,F,Divorced,Low,8,1170.04,146.255,2,2,2023-07-16,26,Online Banking,1
45,F,Single,High,7,1562.83,223.26142857142855,0,0,2023-08-30,40,Mobile App,0
63,F,Widowed,Low,4,1117.33,279.3325,1,1,2023-01-24,35,Online Banking,0
25,F,Divorced,Low,3,605.79,201.92999999999998,2,1,2023-06-15,3,Website,0
57,F,Single,Low,7,2069.7,295.6714285714285,0,0,2023-06-02,26,Online Banking,1
39,F,Single,High,6,1217.78,202.96333333333334,0,0,2023-07-06,33,Mobile App,0
51,F,Married,Low,5,1423.1,284.62,1,1,2023-02-22,22,Online Banking,0
62,M,Divorced,Medium,4,1209.94,302.485,1,0,2023-04-12,6,Mobile App,0
52,F,Single,High,4,836.33,209.0825,2,1,2023-11-19,42,Online Banking,0
52,M,Married,Medium,8,1563.95,195.49375,1,0,2023-12-15,34,Online Banking,0
42,M,Single,High,5,2016.68,403.336,1,0,2023-07-22,3,Online Banking,1
51,F,Widowed,Low,5,1362.8600000000001,272.572,0,0,2023-09-20,17,Online Banking,1
23,M,Married,Medium,6,1683.1299999999999,280.52166666666665,0,0,2023-05-15,6,Mobile App,0
58,M,Single,High,5,1026.5900000000001,205.31800000000004,0,0,2023-08-31,42,Mobile App,0
54,F,Widowed,Low,2,512.1899999999999,256.09499999999997,2,1,2023-04-03,5,Website,1
18,M,Widowed,Low,2,615.0699999999999,307.53499999999997,2,1,2023-06-10,20,Website,0
29,F,Widowed,High,8,2217.85,277.23125,2,2,2023-03-21,1,Website,0
52,M,Married,High,1,30.48,30.48,0,0,2023-11-14,24,Mobile App,0
23,M,Widowed,High,1,403.33,403.33,1,1,2023-09-15,9,Mobile App,0
34,F,Divorced,High,6,1572.74,262.12333333333333,2,2,2023-09-26,15,Website,0
26,M,Single,Medium,8,2429.7,303.7125,2,1,2023-12-06,37,Website,0
19,M,Divorced,High,1,209.68,209.68,0,0,2023-01-26,18,Mobile App,0
35,F,Widowed,Low,6,1882.08,313.68,1,0,2023-03-19,22,Online Banking,0
66,F,Widowed,Medium,3,960.99,320.33,0,0,2023-03-09,11,Website,0
53,M,Divorced,Low,1,261.24,261.24,1,1,2023-12-01,38,Mobile App,0
45,M,Married,Low,8,1714.0900000000001,214.26125000000002,0,0,2023-10-06,3,Mobile App,0
58,F,Widowed,High,6,1305.25,217.54166666666666,1,1,2023-08-23,29,Website,0
54,M,Widowed,Medium,1,9.8,9.8,2,1,2023-11-04,46,Mobile App,0
66,F,Divorced,High,4,926.5300000000001,231.63250000000002,2,0,2023-10-15,32,Website,0
43,F,Widowed,Low,6,1298.95,216.49166666666667,1,0,2023-10-02,34,Online Banking,0
21,M,Widowed,High,4,925.58,231.395,2,0,2023-02-18,8,Website,0
57,F,Married,High,3,948.96,316.32,1,0,2023-05-20,34,Online Banking,0
53,F,Married,High,3,695.73,231.91,1,1,2023-04-28,5,Online Banking,0
68,M,Married,High,1,288.26,288.26,0,0,2023-07-15,9,Mobile App,0
48,F,Married,High,9,2285.6,253.95555555555555,0,0,2023-05-03,17,Mobile App,0
47,M,Married,High,4,1416.68,354.17,1,0,2023-11-04,20,Mobile App,0
67,M,Widowed,Medium,7,1791.69,255.9557142857143,0,0,2023-10-23,42,Mobile App,0
51,M,Single,High,5,1400.5,280.1,1,0,2023-04-16,27,Online Banking,0
36,F,Widowed,Medium,4,1058.14,264.535,0,0,2023-07-05,5,Online Banking,0
35,M,Widowed,High,5,592.9,118.58,2,0,2023-07-07,46,Mobile App,1
47,M,Single,Medium,2,283.16,141.58,2,2,2023-06-23,29,Website,0
38,M,Divorced,Low,1,34.91,34.91,0,0,2023-06-19,11,Online Banking,0
20,M,Single,Medium,2,536.29,268.145,1,1,2023-03-21,26,Mobile App,0
23,F,Married,Medium,2,601.31,300.655,1,1,2023-10-09,23,Mobile App,1
55,F,Widowed,Low,8,649.71,81.21375,0,0,2023-01-28,18,Mobile App,0
30,M,Married,High,3,467.83,155.94333333333333,2,2,2023-06-02,20,Website,0
62,F,Single,High,8,2145.44,268.18,0,0,2023-09-11,44,Website,0
20,F,Divorced,Medium,1,477.46,477.46,0,0,2023-03-12,21,Online Banking,0
65,F,Divorced,High,2,823.75,411.875,2,1,2023-02-11,26,Online Banking,0
45,M,Widowed,High,9,2007.24,223.02666666666667,2,1,2023-10-30,32,Online Banking,0
39,F,Single,Low,1,61.98,61.98,2,2,2023-11-20,1,Online Banking,0
57,F,Married,High,4,839.3,209.825,1,0,2023-03-10,2,Website,1
57,F,Married,High,6,1369.7,228.28333333333333,2,2,2023-02-23,4,Mobile App,0
29,F,Divorced,Medium,2,553.79,276.895,2,2,2023-09-30,41,Online Banking,0
40,F,Widowed,High,3,605.89,201.96333333333334,0,0,2023-03-26,10,Website,0
48,M,Single,High,2,403.37,201.685,2,1,2023-08-27,28,Website,0
35,F,Married,Medium,5,848.26,169.652,0,0,2023-04-17,49,Mobile App,0
24,F,Divorced,Medium,8,2361.19,295.14875,1,1,2023-08-13,37,Online Banking,0
25,M,Widowed,Medium,9,2582.54,286.94888888888886,0,0,2023-09-18,17,Mobile App,0
36,M,Divorced,High,5,908.3199999999999,181.664,2,1,2023-01-02,30,Website,0
46,M,Widowed,High,5,1577.44,315.488,0,0,2023-12-06,6,Website,0
61,M,Single,High,7,2439.39,348.4842857142857,2,1,2023-12-13,11,Website,0
37,F,Divorced,High,6,1719.37,286.56166666666667,1,0,2023-01-18,11,Online Banking,0
67,F,Married,High,2,756.52,378.26,2,0,2023-12-27,2,Mobile App,1
59,F,Widowed,High,1,135.94,135.94,0,0,2023-01-25,20,Mobile App,0
47,F,Divorced,Medium,2,608.06,304.03,0,0,2023-08-26,34,Website,0
64,F,Widowed,Medium,1,13.86,13.86,0,0,2023-12-04,41,Mobile App,0
39,M,Divorced,High,4,682.9399999999999,170.73499999999999,1,0,2023-04-23,1,Website,0
27,F,Divorced,Low,6,1147.08,191.17999999999998,1,1,2023-09-21,48,Mobile App,0
43,M,Single,Medium,6,1022.86,170.47666666666666,1,0,2023-07-05,27,Online Banking,0
68,M,Married,High,7,2295.76,327.96571428571434,1,0,2023-10-02,26,Online Banking,1
50,M,Divorced,Medium,3,924.63,308.21,2,0,2023-07-26,26,Online Banking,0
45,F,Single,Low,6,1466.6,244.4333333333333,2,1,2023-06-27,8,Mobile App,0
27,F,Widowed,Medium,8,1980.5,247.5625,1,0,2023-09-08,29,Online Banking,0
46,M,Widowed,Medium,6,1641.62,273.6033333333333,1,1,2023-01-07,17,Online Banking,0
61,M,Divorced,Medium,9,1974.45,219.38333333333333,2,1,2023-07-20,33,Mobile App,0
35,M,Married,Medium,2,704.7,352.35,1,0,2023-11-30,1,Online Banking,0
59,M,Widowed,High,6,1376.54,229.42333333333332,2,0,2023-08-20,24,Mobile App,0
18,M,Divorced,Low,9,2702.27,300.2522222222222,1,1,2023-04-23,25,Online Banking,0
40,M,Widowed,High,2,588.68,294.34,1,1,2023-07-23,1,Mobile App,1
34,F,Single,Medium,5,1493.9,298.78000000000003,2,1,2023-09-02,26,Website,0
60,M,Divorced,Medium,1,266.08,266.08,2,1,2023-03-19,16,Online Banking,1
54,M,Divorced,Medium,3,324.4,108.13333333333333,1,1,2023-07-13,49,Online Banking,0
48,M,Divorced,Low,1,368.57,368.57,2,1,2023-01-06,33,Website,0
42,M,Single,Low,8,2316.37,289.54625,0,0,2023-07-15,28,Mobile App,0
21,M,Divorced,High,4,780.1800000000001,195.04500000000002,2,1,2023-09-10,45,Online Banking,0
69,F,Divorced,Medium,9,2282.8900000000003,253.6544444444445,1,1,2023-01-17,24,Mobile App,1
26,M,Single,Low,8,2154.17,269.27125,1,0,2023-05-03,36,Website,0
45,F,Widowed,Medium,8,1731.26,216.4075,2,0,2023-03-26,14,Online Banking,0
47,M,Single,High,9,2348.41,260.9344444444444,0,0,2023-04-19,49,Mobile App,0
64,M,Married,High,2,469.14,234.57,2,1,2023-08-14,5,Mobile App,1
41,F,Single,Low,9,1514.16,168.24,1,0,2023-01-01,27,Online Banking,0
50,M,Widowed,High,1,286.8,286.8,2,0,2023-08-28,14,Mobile App,0
37,F,Divorced,Low,8,1188.8400000000001,148.60500000000002,1,0,2023-10-29,24,Online Banking,1
26,F,Divorced,Medium,8,2518.16,314.77,0,0,2023-01-16,46,Website,0
25,F,Single,Low,7,2197.79,313.96999999999997,1,1,2023-09-16,28,Mobile App,0
41,F,Married,High,6,1939.2,323.2,0,0,2023-01-17,8,Online Banking,0
31,F,Single,Medium,9,3352.34,372.4822222222222,1,1,2023-02-07,35,Website,0
35,F,Married,High,6,1239.81,206.635,2,1,2023-06-22,47,Online Banking,0
18,M,Single,Medium,5,1454.45,290.89,2,0,2023-06-15,35,Website,0
29,F,Married,Medium,1,35.85,35.85,2,1,2023-10-26,23,Website,0
46,M,Married,Medium,2,267.09,133.545,1,1,2023-05-10,13,Online Banking,0
54,M,Divorced,Medium,9,2143.59,238.17666666666668,0,0,2023-12-25,47,Online Banking,0
43,F,Married,High,1,133.2,133.2,1,1,2023-08-31,17,Website,0
50,F,Divorced,Low,4,1143.8,285.95,1,0,2023-02-28,31,Website,0
60,F,Single,Medium,8,2366.3,295.7875,2,1,2023-05-11,10,Online Banking,0
32,M,Single,High,4,1333.6,333.4,2,1,2023-08-22,36,Website,0
40,F,Single,High,8,1582.08,197.76,1,0,2023-07-24,29,Online Banking,0
46,F,Single,High,6,1172.66,195.44333333333336,0,0,2023-06-10,16,Mobile App,0
38,M,Single,Low,4,1087.62,271.905,1,0,2023-07-18,33,Website,1
36,F,Divorced,High,9,2467.11,274.12333333333333,1,0,2023-03-01,14,Mobile App,0
22,M,Single,High,4,800.5600000000001,200.14000000000001,2,1,2023-08-21,7,Online Banking,0
40,F,Married,Low,2,339.16999999999996,169.58499999999998,2,1,2023-12-26,33,Website,0
53,M,Widowed,High,4,1338.28,334.57,0,0,2023-08-24,3,Mobile App,1
37,F,Divorced,High,4,773.11,193.2775,1,0,2023-10-23,26,Website,0
25,M,Married,Low,1,47.52,47.52,2,2,2023-10-30,39,Website,0
26,F,Widowed,Low,8,1787.4199999999998,223.42749999999998,0,0,2023-08-21,5,Online Banking,1
31,F,Widowed,Low,3,522.89,174.29666666666665,0,0,2023-04-04,23,Online Banking,1
23,M,Divorced,Medium,1,281.95,281.95,0,0,2023-02-18,33,Mobile App,0
18,F,Married,Low,7,1990.15,284.3071428571429,0,0,2023-07-21,30,Mobile App,0
26,F,Widowed,Medium,7,1533.34,219.04857142857142,1,0,2023-09-03,33,Mobile App,0
33,M,Widowed,Medium,8,1960.83,245.10375,1,0,2023-12-04,43,Website,0
33,M,Divorced,Low,8,2346.48,293.31,2,1,2023-07-11,25,Online Banking,0
29,F,Single,Medium,2,680.27,340.135,2,1,2023-07-22,22,Online Banking,1
22,M,Widowed,High,3,865.73,288.57666666666665,2,2,2023-05-07,1,Online Banking,1
57,F,Divorced,High,9,2322.98,258.1088888888889,0,0,2023-05-10,10,Online Banking,0
46,F,Divorced,Low,6,1678.1200000000001,279.68666666666667,1,0,2023-10-09,23,Online Banking,0
63,M,Married,Medium,2,568.35,284.175,1,0,2023-06-02,33,Website,0
44,M,Divorced,High,8,2309.85,288.73125,0,0,2023-03-19,39,Online Banking,0
28,F,Divorced,Medium,4,1273.3600000000001,318.34000000000003,2,1,2023-08-22,28,Website,0
64,M,Single,Medium,2,609.5799999999999,304.78999999999996,2,1,2023-08-11,43,Mobile App,1
67,F,Widowed,High,7,1645.76,235.10857142857142,2,0,2023-08-30,8,Online Banking,0
45,M,Married,Low,9,2787.1,309.67777777777775,1,0,2023-10-28,27,Mobile App,1
69,F,Divorced,Medium,3,508.49,169.49666666666667,0,0,2023-02-25,5,Online Banking,0
53,F,Married,High,8,2017.78,252.2225,2,1,2023-12-29,15,Website,0
59,F,Widowed,Low,9,2722.74,302.52666666666664,1,1,2023-08-25,48,Mobile App,1
36,F,Divorced,Medium,7,2101.4,300.2,2,1,2023-10-14,22,Online Banking,0
52,F,Divorced,Medium,9,1524.8400000000001,169.42666666666668,1,1,2023-01-20,35,Mobile App,0
69,F,Married,Medium,6,1426.2,237.70000000000002,1,1,2023-08-09,30,Online Banking,0
48,F,Single,Medium,1,87.02,87.02,0,0,2023-09-20,48,Website,1
61,M,Widowed,Low,1,184.86,184.86,0,0,2023-12-31,44,Website,0
36,M,Widowed,Medium,5,1592.6100000000001,318.52200000000005,2,2,2023-03-16,33,Website,0
63,M,Widowed,High,7,1497.89,213.98428571428573,1,0,2023-09-04,30,Online Banking,0
41,F,Divorced,High,1,354.64,354.64,1,0,2023-06-18,36,Online Banking,0
19,M,Divorced,High,5,1442.26,288.452,2,2,2023-04-23,16,Online Banking,0
24,M,Divorced,Low,3,873.63,291.21,0,0,2023-11-09,38,Website,0
60,M,Married,High,3,1282.72,427.5733333333333,2,1,2023-09-20,23,Online Banking,0
66,M,Widowed,Medium,5,1254.4299999999998,250.88599999999997,0,0,2023-02-07,37,Online Banking,1
48,F,Widowed,Medium,8,2140.54,267.5675,2,0,2023-01-06,37,Website,0
34,F,Widowed,High,2,594.4200000000001,297.21000000000004,1,1,2023-12-16,28,Mobile App,0
44,M,Single,Low,7,1770.89,252.98428571428573,1,0,2023-10-04,14,Mobile App,1
53,F,Divorced,Low,5,1329.4499999999998,265.89,0,0,2023-04-04,4,Mobile App,0
67,F,Widowed,Medium,7,965.41,137.91571428571427,1,1,2023-09-24,39,Website,0
60,F,Widowed,Medium,9,1768.53,196.50333333333333,2,1,2023-11-03,33,Website,0
27,F,Divorced,High,7,1465.9299999999998,209.4185714285714,0,0,2023-09-10,31,Website,0
62,F,Divorced,Low,3,521.56,173.85333333333332,2,0,2023-08-14,13,Online Banking,0
31,M,Widowed,High,8,2414.15,301.76875,2,1,2023-08-10,36,Mobile App,0
24,F,Married,Medium,5,1361.3899999999999,272.27799999999996,2,1,2023-01-11,10,Mobile App,0
56,M,Married,Medium,1,148.98,148.98,2,1,2023-07-02,47,Online Banking,0
57,F,Married,High,2,233.87,116.935,1,0,2023-05-26,31,Website,0
26,M,Married,Low,7,1834.48,262.06857142857143,0,0,2023-12-16,26,Mobile App,0
31,M,Single,Medium,5,1302.43,260.486,0,0,2023-12-03,14,Mobile App,1
25,F,Married,Medium,1,41.19,41.19,2,1,2023-11-09,4,Mobile App,0
34,M,Widowed,Low,1,488.45,488.45,1,0,2023-03-18,33,Online Banking,0
40,F,Widowed,Medium,3,543.99,181.33,2,1,2023-09-18,47,Website,0
33,M,Widowed,Low,8,1698.21,212.27625,0,0,2023-09-20,13,Website,0
43,M,Married,Low,7,2131.01,304.43,1,0,2023-04-20,48,Website,0
26,F,Divorced,Medium,7,1373.54,196.22,2,2,2023-02-20,41,Online Banking,0
53,M,Widowed,High,8,1920.61,240.07625,2,1,2023-02-19,34,Online Banking,0
24,F,Married,Medium,8,2560.36,320.045,1,1,2023-10-28,43,Mobile App,1
35,M,Single,Medium,1,412.55,412.55,1,0,2023-06-20,35,Mobile App,0
25,F,Single,Medium,5,1115.64,223.12800000000001,0,0,2023-06-08,28,Website,0
38,M,Widowed,Medium,2,387.51,193.755,0,0,2023-12-06,31,Mobile App,0
43,M,Divorced,High,5,1002.46,200.49200000000002,2,1,2023-05-27,30,Online Banking,0
20,F,Single,High,6,1516.93,252.8216666666667,2,1,2023-10-13,32,Mobile App,0
34,F,Married,High,1,169.69,169.69,0,0,2023-12-01,13,Website,0
68,M,Married,Low,7,1461.03,208.71857142857144,0,0,2023-09-08,41,Mobile App,0
63,F,Single,High,5,1460.65,292.13,2,2,2023-05-11,34,Mobile App,0
41,M,Widowed,Low,5,1527.63,305.526,0,0,2023-09-08,8,Website,1
42,M,Widowed,Medium,2,364.46,182.23,2,1,2023-07-13,42,Mobile App,0
22,M,Single,High,8,2341.48,292.685,1,1,2023-10-18,25,Online Banking,0
54,F,Married,High,1,346.54,346.54,0,0,2023-04-20,33,Online Banking,0
62,F,Divorced,High,2,472.88,236.44,0,0,2023-07-13,10,Online Banking,0
67,F,Married,High,3,565.79,188.59666666666666,2,0,2023-12-23,40,Website,0
41,M,Divorced,High,9,2402.0,266.8888888888889,1,1,2023-11-22,34,Mobile App,0
48,M,Divorced,Medium,8,1730.33,216.29125,2,2,2023-06-14,44,Website,0
43,M,Single,High,9,2767.15,307.4611111111111,0,0,2023-01-10,33,Website,0
38,F,Widowed,Low,1,62.87,62.87,1,1,2023-03-13,5,Mobile App,0
51,M,Divorced,Low,1,336.72,336.72,2,2,2023-02-24,45,Online Banking,0
55,F,Married,High,1,449.87,449.87,2,2,2023-07-15,27,Online Banking,0
41,F,Widowed,Low,3,391.36,130.45333333333335,0,0,2023-04-09,8,Online Banking,1
45,F,Widowed,High,7,1668.22,238.31714285714287,0,0,2023-04-17,7,Online Banking,0
47,F,Married,Medium,9,2166.33,240.70333333333332,0,0,2023-12-11,22,Website,0
51,F,Single,Low,4,1217.08,304.27,0,0,2023-11-14,46,Website,0
69,M,Widowed,High,8,1918.1599999999999,239.76999999999998,0,0,2023-06-25,28,Online Banking,1
69,M,Divorced,Low,4,1104.21,276.0525,1,0,2023-12-17,9,Website,0
40,M,Married,High,4,818.31,204.5775,0,0,2023-12-23,31,Online Banking,0
25,M,Divorced,Low,6,1626.7,271.1166666666667,2,2,2023-10-24,4,Mobile App,1
59,F,Married,Medium,6,1916.68,319.44666666666666,1,1,2023-06-09,5,Website,1
67,F,Married,Low,5,1109.17,221.834,2,1,2023-01-10,13,Mobile App,0
27,F,Widowed,Low,9,2217.2799999999997,246.36444444444442,0,0,2023-12-30,6,Mobile App,0
18,M,Married,Low,3,251.45999999999998,83.82,0,0,2023-01-17,23,Online Banking,0
37,M,Widowed,Low,9,2460.07,273.3411111111111,2,1,2023-03-15,47,Online Banking,0
54,F,Married,High,6,1635.1299999999999,272.52166666666665,1,0,2023-05-08,35,Mobile App,0
35,M,Widowed,Medium,8,2145.93,268.24125,1,0,2023-01-30,34,Mobile App,0
38,M,Widowed,Medium,6,806.96,134.49333333333334,0,0,2023-11-20,38,Online Banking,0
66,M,Single,Low,5,1615.8400000000001,323.168,0,0,2023-07-16,34,Mobile App,1
21,F,Widowed,Low,5,1184.28,236.856,2,1,2023-09-03,11,Website,0
60,M,Widowed,Medium,8,1351.01,168.87625,1,1,2023-06-09,6,Website,1
19,F,Widowed,Medium,9,3386.04,376.2266666666667,1,0,2023-07-19,32,Website,0
38,M,Single,Medium,9,2624.42,291.6022222222222,2,0,2023-01-25,35,Website,1
54,F,Divorced,Medium,6,1262.48,210.41333333333333,1,1,2023-03-23,34,Mobile App,0
22,M,Divorced,Low,7,988.39,141.19857142857143,0,0,2023-04-13,43,Mobile App,0
34,M,Single,Medium,7,2129.71,304.2442857142857,1,0,2023-09-15,28,Mobile App,0
66,F,Widowed,Low,4,758.73,189.6825,2,1,2023-08-18,5,Online Banking,0
65,F,Widowed,Low,7,1624.23,232.03285714285715,2,1,2023-10-11,34,Mobile App,0
28,F,Married,Medium,1,393.84,393.84,0,0,2023-06-14,33,Mobile App,1
63,M,Divorced,High,6,1101.11,183.51833333333332,0,0,2023-11-23,12,Online Banking,0
58,F,Widowed,Low,7,2063.08,294.7257142857143,2,1,2023-02-28,40,Online Banking,0
48,M,Widowed,Medium,6,1483.12,247.18666666666664,1,0,2023-11-30,44,Website,1
45,F,Divorced,Low,5,1491.8,298.36,0,0,2023-01-06,38,Online Banking,0
61,M,Widowed,High,4,976.0,244.0,0,0,2023-08-29,44,Online Banking,0
49,M,Single,Medium,1,269.73,269.73,1,0,2023-10-08,12,Mobile App,0
38,M,Widowed,Low,6,1738.1399999999999,289.69,1,1,2023-01-07,37,Online Banking,0
24,F,Widowed,High,2,216.79,108.395,1,0,2023-12-29,1,Website,0
27,M,Divorced,High,6,1554.77,259.12833333333333,2,2,2023-08-30,40,Mobile App,0
45,F,Single,Low,2,763.91,381.955,0,0,2023-06-28,5,Website,1
65,M,Married,Medium,2,458.77,229.385,1,0,2023-11-30,2,Mobile App,0
53,M,Divorced,Medium,9,2429.2200000000003,269.91333333333336,0,0,2023-11-22,46,Online Banking,0
37,M,Married,Low,8,1317.1799999999998,164.64749999999998,0,0,2023-04-15,25,Online Banking,0
30,M,Married,High,4,703.3299999999999,175.83249999999998,2,2,2023-09-20,38,Mobile App,0
36,F,Single,High,6,1336.58,222.76333333333332,0,0,2023-12-07,25,Website,0
67,M,Married,High,3,551.93,183.97666666666666,1,1,2023-11-04,48,Mobile App,0
28,M,Single,High,7,2312.7,330.38571428571424,2,1,2023-06-23,22,Mobile App,0
52,F,Widowed,Low,4,1009.74,252.435,2,2,2023-08-10,1,Online Banking,1
51,M,Single,High,9,2325.03,258.3366666666667,2,1,2023-10-15,25,Online Banking,1
61,F,Divorced,Low,5,1536.61,307.322,0,0,2023-10-21,33,Online Banking,0
21,F,Married,Medium,9,2446.54,271.8377777777778,1,1,2023-08-08,22,Website,1
30,M,Single,Medium,1,392.1,392.1,1,1,2023-07-04,31,Mobile App,1
54,M,Divorced,High,9,2027.8799999999999,225.32,1,0,2023-02-12,19,Online Banking,1
19,F,Single,High,5,1362.35,272.46999999999997,0,0,2023-08-02,48,Mobile App,0
67,F,Married,High,1,172.81,172.81,0,0,2023-06-18,18,Online Banking,0
18,F,Married,Medium,6,1606.29,267.715,0,0,2023-07-23,1,Mobile App,0
57,F,Divorced,Low,6,1639.58,273.2633333333333,0,0,2023-01-06,19,Online Banking,0
42,F,Divorced,Low,3,612.22,204.07333333333335,0,0,2023-12-28,14,Mobile App,1
54,F,Divorced,Low,5,1073.98,214.796,0,0,2023-01-11,11,Online Banking,0
53,F,Divorced,High,9,3078.6,342.06666666666666,2,1,2023-09-25,8,Mobile App,1
23,F,Divorced,Low,9,1894.4,210.4888888888889,2,1,2023-06-09,18,Mobile App,0
24,M,Married,High,5,1959.29,391.858,2,0,2023-07-16,9,Mobile App,0
21,F,Widowed,Medium,2,645.75,322.875,2,1,2023-02-09,43,Website,1
52,M,Divorced,Low,9,2557.54,284.1711111111111,2,1,2023-09-15,28,Website,0
58,M,Widowed,High,9,2090.02,232.22444444444443,0,0,2023-08-22,11,Mobile App,0
51,F,Divorced,Low,9,2565.36,285.04,1,1,2023-10-30,49,Online Banking,0
46,F,Divorced,Medium,4,462.44,115.61,1,1,2023-12-07,41,Website,0
22,M,Divorced,Low,4,446.32,111.58,1,0,2023-02-14,30,Online Banking,0
44,M,Married,Low,3,343.51,114.50333333333333,0,0,2023-12-28,44,Online Banking,0
50,F,Widowed,Medium,6,1353.55,225.59166666666667,1,0,2023-05-16,27,Online Banking,0
63,F,Married,High,8,2333.7200000000003,291.71500000000003,1,1,2023-05-18,26,Online Banking,0
69,F,Single,High,6,1311.6399999999999,218.60666666666665,0,0,2023-12-06,49,Mobile App,1
27,F,Divorced,High,9,2008.12,223.12444444444444,1,1,2023-11-09,12,Online Banking,1
23,M,Divorced,Low,8,2372.58,296.5725,2,1,2023-10-22,38,Website,0
51,M,Widowed,Low,1,388.31,388.31,1,1,2023-10-29,27,Mobile App,0
25,M,Married,High,3,536.31,178.76999999999998,2,2,2023-08-16,37,Mobile App,0
48,M,Married,High,8,2145.98,268.2475,0,0,2023-06-26,17,Mobile App,0
26,M,Married,Low,4,1639.36,409.84,1,1,2023-11-10,46,Mobile App,0
38,M,Divorced,High,6,2067.57,344.595,0,0,2023-05-27,9,Online Banking,1
25,M,Widowed,High,2,651.88,325.94,2,1,2023-06-13,6,Online Banking,0
21,F,Single,Low,6,1286.35,214.39166666666665,2,1,2023-09-22,13,Mobile App,0
39,F,Single,Medium,2,649.47,324.735,1,1,2023-01-17,6,Online Banking,0
45,F,Married,Low,2,185.03,92.515,2,1,2023-09-22,38,Mobile App,0
62,F,Widowed,High,3,344.77,114.92333333333333,0,0,2023-07-07,4,Mobile App,0
21,M,Married,High,5,939.83,187.966,1,1,2023-08-25,16,Online Banking,1
56,M,Married,Medium,4,1099.45,274.8625,1,1,2023-02-21,36,Website,0
38,F,Married,Medium,2,452.87,226.435,2,0,2023-10-08,43,Website,1
25,M,Single,Low,2,575.05,287.525,2,0,2023-02-10,14,Online Banking,0
37,M,Single,Medium,3,716.14,238.71333333333334,0,0,2023-01-22,29,Website,0
49,M,Married,High,9,2116.14,235.12666666666667,0,0,2023-11-29,24,Website,0
18,M,Widowed,High,2,358.67,179.335,0,0,2023-09-02,39,Mobile App,0
23,F,Single,High,8,2140.26,267.5325,2,1,2023-12-30,39,Online Banking,0
45,F,Married,High,9,3027.91,336.4344444444444,2,2,2023-01-03,45,Mobile App,0
61,F,Single,Medium,3,1049.96,349.9866666666667,0,0,2023-02-05,25,Website,0
48,F,Divorced,High,7,2125.61,303.65857142857146,0,0,2023-11-24,46,Website,0
27,M,Divorced,High,6,1822.54,303.75666666666666,1,0,2023-09-25,46,Mobile App,0
37,F,Single,High,2,393.99,196.995,0,0,2023-11-09,3,Website,0
25,M,Married,Low,7,2132.54,304.6485714285714,1,0,2023-02-09,42,Online Banking,0
39,F,Single,Low,3,1179.98,393.32666666666665,2,1,2023-12-02,27,Online Banking,0
55,M,Widowed,High,6,1722.97,287.1616666666667,0,0,2023-10-24,12,Online Banking,0
46,F,Married,Medium,7,2151.66,307.38,1,1,2023-08-15,43,Website,0
26,M,Married,Medium,2,203.34,101.67,0,0,2023-12-20,2,Mobile App,1
61,M,Married,Low,6,1369.4,228.23333333333335,1,0,2023-10-22,38,Online Banking,0
64,M,Married,Low,9,2160.95,240.10555555555553,0,0,2023-05-13,26,Online Banking,1
18,M,Widowed,Medium,5,1090.13,218.026,0,0,2023-06-12,29,Mobile App,0
58,M,Single,Low,7,1859.23,265.6042857142857,0,0,2023-06-06,45,Online Banking,0
69,M,Single,Low,6,2436.25,406.0416666666667,2,1,2023-04-22,30,Website,1
56,M,Divorced,High,7,1867.21,266.7442857142857,0,0,2023-06-15,38,Online Banking,0
43,M,Married,Medium,1,472.36,472.36,0,0,2023-11-27,41,Online Banking,0
28,M,Divorced,High,3,1051.21,350.40333333333336,1,0,2023-08-16,32,Online Banking,0
69,F,Widowed,Low,6,1550.8500000000001,258.475,1,0,2023-11-22,38,Online Banking,0
52,F,Single,Low,7,2358.04,336.86285714285714,2,1,2023-08-04,21,Mobile App,0
41,F,Single,Low,3,962.48,320.82666666666665,1,1,2023-04-25,8,Website,0
50,F,Married,Low,2,538.06,269.03,0,0,2023-01-26,6,Website,0
37,F,Single,Medium,5,1331.4,266.28000000000003,0,0,2023-01-23,4,Website,0
44,M,Widowed,Medium,9,2437.4,270.82222222222225,1,0,2023-04-01,17,Mobile App,1
32,F,Widowed,Medium,9,1550.26,172.2511111111111,2,1,2023-07-10,21,Mobile App,0
50,F,Married,Medium,4,755.9300000000001,188.98250000000002,2,2,2023-12-21,4,Website,1
69,M,Divorced,High,8,2373.23,296.65375,1,1,2023-04-25,35,Website,1
24,F,Married,High,3,715.6,238.53333333333333,1,0,2023-04-23,30,Mobile App,0
51,F,Widowed,High,2,402.41,201.205,0,0,2023-05-23,27,Online Banking,1
62,M,Single,Low,2,232.75,116.375,2,1,2023-12-01,12,Website,0
68,F,Single,Medium,2,407.65999999999997,203.82999999999998,1,1,2023-03-25,48,Mobile App,0
63,F,Single,Medium,7,1876.3600000000001,268.0514285714286,0,0,2023-10-18,20,Online Banking,0
59,M,Widowed,Medium,4,783.96,195.99,0,0,2023-02-15,40,Online Banking,0
22,M,Divorced,High,7,1677.08,239.58285714285714,2,1,2023-11-07,44,Online Banking,0
47,M,Married,Low,6,1709.36,284.8933333333333,2,0,2023-04-08,41,Online Banking,0
45,M,Divorced,Low,5,1667.53,333.506,1,1,2023-11-14,33,Online Banking,1
35,F,Single,Low,3,623.49,207.83,1,0,2023-04-01,10,Website,0
53,F,Married,High,8,1726.51,215.81375,2,1,2023-11-21,5,Mobile App,1
20,F,Widowed,Medium,9,2356.94,261.88222222222225,2,1,2023-04-20,11,Mobile App,1
38,M,Widowed,High,9,1383.59,153.73222222222222,0,0,2023-10-14,21,Mobile App,0
63,F,Divorced,Medium,1,215.12,215.12,2,1,2023-04-23,20,Online Banking,0
33,M,Married,Low,8,2642.14,330.2675,0,0,2023-02-03,44,Mobile App,0
54,F,Single,Medium,9,2959.62,328.84666666666664,1,0,2023-01-04,9,Online Banking,0
59,M,Divorced,Low,9,2544.69,282.74333333333334,2,1,2023-06-09,30,Mobile App,0
22,F,Widowed,Low,8,2270.36,283.795,1,0,2023-04-23,48,Online Banking,0
67,F,Married,Low,5,1346.76,269.352,0,0,2023-06-07,4,Mobile App,0
68,M,Married,Medium,7,1726.8999999999999,246.7,1,1,2023-10-17,9,Website,0
31,M,Widowed,High,7,1906.1000000000001,272.3,0,0,2023-07-09,40,Online Banking,0
48,M,Single,Low,9,2347.42,260.82444444444445,2,0,2023-12-16,3,Website,0
63,F,Single,Medium,4,865.0,216.25,1,1,2023-11-22,38,Online Banking,0
41,F,Widowed,Low,8,2473.79,309.22375,2,1,2023-09-11,25,Website,0
52,M,Widowed,Medium,9,1158.83,128.7588888888889,0,0,2023-05-13,37,Mobile App,1
53,M,Single,High,5,1476.4,295.28000000000003,0,0,2023-06-16,30,Mobile App,0
27,M,Divorced,Low,3,437.92999999999995,145.97666666666666,2,1,2023-05-06,31,Website,0
44,M,Divorced,Low,4,1187.98,296.995,0,0,2023-01-13,17,Mobile App,1
44,F,Married,Low,1,271.99,271.99,0,0,2023-10-03,10,Website,0
40,M,Married,High,5,1489.51,297.902,1,1,2023-01-16,8,Mobile App,1
30,M,Divorced,Medium,9,2463.96,273.7733333333333,1,1,2023-01-14,2,Mobile App,0
33,F,Married,Low,1,110.77,110.77,2,1,2023-12-21,32,Website,0
52,F,Divorced,Low,5,1504.22,300.844,0,0,2023-12-07,11,Mobile App,0
44,M,Married,High,3,624.87,208.29,1,1,2023-10-11,10,Online Banking,0
69,F,Divorced,Medium,7,1688.29,241.18428571428572,2,0,2023-12-17,41,Online Banking,0
56,M,Married,High,3,612.18,204.05999999999997,0,0,2023-08-26,32,Online Banking,0
64,F,Married,High,3,1239.16,413.05333333333334,1,0,2023-03-25,24,Mobile App,1
34,F,Divorced,Low,3,481.67999999999995,160.55999999999997,2,1,2023-08-11,7,Online Banking,0
65,M,Single,Medium,8,1674.35,209.29375,1,1,2023-08-14,29,Online Banking,1
58,F,Divorced,Low,7,2146.58,306.6542857142857,0,0,2023-01-22,2,Online Banking,1
18,M,Divorced,Low,7,1025.54,146.50571428571428,2,0,2023-11-20,16,Mobile App,1
28,M,Widowed,High,1,244.19,244.19,1,1,2023-04-27,31,Online Banking,1
29,F,Single,High,3,694.35,231.45000000000002,1,1,2023-02-25,12,Online Banking,0
31,F,Married,Low,2,204.8,102.4,1,0,2023-08-15,32,Online Banking,0
25,M,Single,High,5,754.54,150.908,1,1,2023-10-01,47,Online Banking,0
48,F,Single,High,7,1074.25,153.46428571428572,2,2,2023-04-12,41,Online Banking,0
24,F,Single,Medium,4,934.44,233.61,0,0,2023-11-19,18,Website,0
63,F,Widowed,Low,9,2452.39,272.48777777777775,0,0,2023-08-03,3,Mobile App,1
48,M,Widowed,Low,8,2416.9,302.1125,0,0,2023-02-27,16,Website,0
33,F,Married,Medium,6,1929.48,321.58,1,0,2023-11-16,49,Website,1
59,F,Divorced,High,1,67.65,67.65,1,0,2023-01-16,42,Website,0
56,M,Single,Medium,3,657.3699999999999,219.1233333333333,2,1,2023-01-07,18,Online Banking,0
61,F,Married,Medium,2,942.44,471.22,1,1,2023-08-17,44,Website,1
36,M,Married,Medium,1,238.83,238.83,2,1,2023-07-23,15,Website,0
25,M,Widowed,High,6,1060.8600000000001,176.81000000000003,1,1,2023-11-28,41,Online Banking,0
46,M,Divorced,Medium,8,1985.72,248.215,2,2,2023-11-04,37,Online Banking,0
19,M,Divorced,Low,4,1053.54,263.385,2,2,2023-04-21,23,Mobile App,0
59,F,Widowed,High,5,1574.74,314.948,1,1,2023-12-10,26,Online Banking,0
20,M,Single,Medium,5,1041.72,208.344,2,1,2023-09-27,7,Online Banking,0
68,M,Widowed,Medium,8,1629.96,203.745,1,0,2023-04-26,48,Online Banking,0
46,M,Married,Medium,2,194.63,97.315,0,0,2023-04-30,21,Website,0
32,F,Widowed,Medium,8,1874.22,234.2775,1,1,2023-03-30,29,Website,0
55,M,Divorced,Medium,8,2408.65,301.08125,2,1,2023-11-24,45,Website,0
45,M,Single,Medium,9,1717.5700000000002,190.84111111111113,2,1,2023-06-15,7,Online Banking,1
54,M,Married,Low,6,1587.38,264.56333333333333,1,1,2023-08-15,6,Online Banking,0
49,M,Married,High,7,1060.42,151.48857142857145,0,0,2023-09-17,27,Online Banking,1
47,M,Divorced,Low,2,266.05,133.025,1,0,2023-09-11,43,Mobile App,1
68,M,Widowed,Medium,1,328.56,328.56,2,1,2023-06-28,46,Website,0
64,M,Married,Medium,1,163.69,163.69,0,0,2023-02-23,17,Website,1
47,M,Widowed,Medium,1,12.46,12.46,2,1,2023-03-11,24,Mobile App,0
68,M,Married,Low,3,1028.17,342.72333333333336,1,0,2023-08-11,28,Website,0
51,M,Divorced,Medium,4,759.5699999999999,189.89249999999998,1,1,2023-07-01,26,Website,0
30,M,Married,Low,2,499.67,249.835,1,0,2023-08-30,38,Online Banking,1
50,M,Married,High,7,1467.02,209.5742857142857,0,0,2023-05-17,26,Online Banking,0
59,F,Single,Low,5,1245.86,249.17199999999997,2,2,2023-05-18,40,Website,0
34,F,Married,Low,1,392.17,392.17,1,0,2023-03-30,1,Mobile App,0
20,M,Divorced,High,9,1437.17,159.68555555555557,1,0,2023-02-19,19,Mobile App,0
26,F,Married,Medium,9,2097.25,233.02777777777777,2,2,2023-01-31,26,Mobile App,0
69,F,Divorced,Low,7,1567.52,223.93142857142857,0,0,2023-07-10,35,Mobile App,0
28,F,Widowed,High,5,1135.3,227.06,1,0,2023-12-07,16,Online Banking,1
66,M,Divorced,Low,6,1132.79,188.79833333333332,1,1,2023-06-25,13,Mobile App,1
44,F,Widowed,Low,6,1658.16,276.36,2,1,2023-09-25,10,Website,0
45,F,Married,High,8,2676.26,334.5325,2,1,2023-08-13,8,Mobile App,0
19,M,Divorced,Low,8,1579.69,197.46125,0,0,2023-10-12,27,Mobile App,0
18,F,Single,High,4,758.41,189.6025,0,0,2023-09-01,26,Mobile App,0
23,F,Divorced,Low,6,1160.99,193.49833333333333,1,1,2023-04-12,3,Mobile App,0
42,F,Widowed,Medium,6,1972.94,328.8233333333333,1,1,2023-08-24,45,Online Banking,0
52,F,Widowed,High,5,1405.19,281.038,1,1,2023-06-15,36,Online Banking,0
33,M,Single,Medium,1,474.38,474.38,0,0,2023-10-22,41,Online Banking,0
21,F,Divorced,Low,6,1442.15,240.35833333333335,1,0,2023-10-19,8,Online Banking,0
64,M,Married,Medium,7,1668.59,238.36999999999998,1,1,2023-06-03,32,Website,0
55,F,Divorced,High,8,2232.41,279.05125,2,1,2023-11-06,19,Website,0
61,F,Divorced,Low,1,143.34,143.34,0,0,2023-04-02,12,Online Banking,0
37,F,Divorced,High,9,2587.47,287.49666666666667,1,0,2023-02-28,45,Online Banking,0
42,F,Single,Low,1,77.31,77.31,2,0,2023-04-01,45,Mobile App,0
24,F,Single,Medium,8,1779.5,222.4375,2,0,2023-07-02,13,Mobile App,0
38,M,Single,Medium,9,2314.49,257.16555555555556,2,1,2023-01-23,44,Online Banking,1
24,M,Single,High,9,2461.3,273.4777777777778,2,0,2023-06-07,48,Online Banking,0
46,M,Single,High,5,923.55,184.70999999999998,0,0,2023-11-16,45,Mobile App,0
69,F,Married,Low,1,308.82,308.82,2,1,2023-07-05,7,Website,1
24,M,Divorced,High,4,864.3,216.075,1,0,2023-04-22,47,Online Banking,0
20,F,Divorced,High,7,1700.3,242.9,2,1,2023-08-31,47,Website,0
46,M,Married,Medium,9,2490.85,276.7611111111111,0,0,2023-12-24,16,Website,0
46,M,Married,High,4,1463.19,365.7975,0,0,2023-06-22,32,Mobile App,0
56,M,Married,High,5,1084.11,216.82199999999997,1,0,2023-09-14,9,Mobile App,1
55,F,Married,Low,5,1383.28,276.656,2,1,2023-08-19,26,Online Banking,0
23,M,Single,Medium,5,1240.94,248.18800000000002,1,0,2023-07-24,48,Mobile App,0
63,F,Divorced,Medium,2,534.74,267.37,0,0,2023-07-27,40,Website,1
27,M,Married,Low,4,1019.6700000000001,254.91750000000002,0,0,2023-07-29,47,Website,0
54,F,Widowed,Medium,9,1446.69,160.74333333333334,1,0,2023-11-24,20,Online Banking,0
31,F,Married,Low,9,2281.4700000000003,253.4966666666667,2,1,2023-10-05,6,Website,0
39,F,Divorced,Low,4,897.51,224.3775,0,0,2023-01-24,11,Mobile App,0
49,F,Widowed,High,3,638.06,212.68666666666664,0,0,2023-12-22,29,Online Banking,0
35,F,Married,High,2,683.19,341.595,0,0,2023-01-11,7,Mobile App,1
53,F,Single,Low,5,1421.26,284.252,0,0,2023-06-24,29,Website,0
63,F,Single,High,8,2154.62,269.3275,1,0,2023-10-01,43,Mobile App,0
69,F,Widowed,High,7,1500.44,214.34857142857143,0,0,2023-01-12,4,Online Banking,0
26,F,Single,Medium,9,2615.4300000000003,290.60333333333335,2,1,2023-02-09,24,Mobile App,1
43,F,Widowed,Medium,1,55.77,55.77,1,1,2023-02-10,3,Website,1
39,M,Married,High,2,489.1,244.55,0,0,2023-07-11,12,Online Banking,0
63,F,Divorced,Low,2,273.02,136.51,0,0,2023-07-03,35,Website,0
55,M,Widowed,Low,4,994.16,248.54,0,0,2023-02-14,8,Mobile App,1
40,M,Married,High,8,2810.28,351.285,2,1,2023-12-18,38,Online Banking,0
34,F,Widowed,High,9,2395.1,266.1222222222222,0,0,2023-01-18,41,Online Banking,0
43,M,Divorced,Low,5,681.77,136.35399999999998,0,0,2023-12-31,38,Mobile App,1
64,F,Single,Medium,7,1289.55,184.22142857142856,2,0,2023-09-16,15,Mobile App,0
55,F,Single,Medium,3,948.6800000000001,316.2266666666667,0,0,2023-11-03,5,Website,0
19,M,Widowed,Low,7,1783.47,254.78142857142856,2,2,2023-05-16,40,Website,0
23,F,Divorced,High,1,104.0,104.0,1,1,2023-03-27,16,Online Banking,0
24,M,Married,Medium,1,35.24,35.24,1,1,2023-01-02,46,Online Banking,0
30,M,Married,Low,3,807.48,269.16,1,1,2023-09-29,28,Website,0
44,M,Married,High,1,346.94,346.94,0,0,2023-07-21,13,Mobile App,0
28,M,Widowed,High,6,1373.66,228.94333333333336,0,0,2023-04-29,41,Website,0
32,F,Single,Medium,1,391.99,391.99,1,1,2023-02-26,11,Website,0
26,F,Widowed,High,5,1159.3899999999999,231.878,2,0,2023-11-30,37,Mobile App,0
25,F,Widowed,Low,8,1792.54,224.0675,1,0,2023-03-12,3,Website,0
63,M,Widowed,Low,8,1170.32,146.29,0,0,2023-09-08,8,Mobile App,0
23,F,Married,Low,2,555.91,277.955,1,1,2023-06-02,38,Online Banking,0
65,M,Divorced,Low,9,3220.3,357.81111111111113,2,1,2023-01-11,47,Mobile App,1
60,M,Widowed,High,7,1950.63,278.6614285714286,2,2,2023-05-03,34,Website,0
21,M,Married,Low,6,1845.21,307.535,1,1,2023-07-12,38,Mobile App,0
28,M,Widowed,Medium,2,434.86,217.43,0,0,2023-12-16,42,Online Banking,0
68,M,Widowed,High,6,1551.13,258.5216666666667,2,1,2023-01-30,24,Website,0
45,M,Married,High,5,921.3299999999999,184.266,0,0,2023-04-28,18,Website,0
43,F,Divorced,High,3,814.74,271.58,1,1,2023-04-03,25,Website,0
21,F,Divorced,Low,7,2143.56,306.22285714285715,2,0,2023-06-02,13,Website,0
32,F,Single,High,2,477.73,238.865,1,1,2023-10-24,39,Website,0
36,M,Widowed,Low,2,627.29,313.645,0,0,2023-10-14,22,Mobile App,0
23,M,Single,Low,8,2048.2,256.025,1,0,2023-08-29,30,Online Banking,0
22,F,Married,High,6,1252.1,208.6833333333333,0,0,2023-08-13,30,Mobile App,0
35,F,Widowed,High,5,1552.44,310.488,1,1,2023-05-05,37,Website,0
23,F,Married,Low,2,161.07,80.535,1,0,2023-02-09,45,Mobile App,0
48,M,Single,High,6,1247.79,207.965,1,0,2023-12-20,43,Website,0
42,F,Married,High,8,1559.5,194.9375,0,0,2023-12-20,15,Online Banking,0
21,F,Married,Low,9,1865.72,207.3022222222222,1,1,2023-12-16,35,Mobile App,0
23,M,Divorced,Low,3,681.14,227.04666666666665,2,2,2023-01-15,6,Online Banking,1
58,M,Widowed,High,5,1047.12,209.42399999999998,2,1,2023-09-04,11,Mobile App,0
54,F,Widowed,Low,8,2165.4900000000002,270.68625000000003,2,1,2023-10-05,28,Website,0
67,F,Widowed,Low,3,576.3,192.1,1,1,2023-03-03,30,Website,0
42,M,Married,Medium,9,2132.05,236.89444444444447,2,1,2023-05-13,16,Mobile App,0
51,M,Divorced,High,3,675.36,225.12,2,2,2023-05-25,28,Mobile App,0
36,M,Single,High,2,338.96999999999997,169.48499999999999,0,0,2023-10-07,25,Online Banking,0
51,M,Widowed,High,9,2094.81,232.75666666666666,1,0,2023-05-27,48,Online Banking,0
32,F,Married,High,8,2317.66,289.7075,1,0,2023-06-22,30,Website,0
67,F,Divorced,High,2,583.1,291.55,0,0,2023-03-30,45,Online Banking,1
25,F,Divorced,Low,4,1118.41,279.6025,2,0,2023-07-28,14,Online Banking,0
61,F,Widowed,High,6,1132.03,188.67166666666665,0,0,2023-06-09,27,Website,0
64,F,Divorced,High,9,2639.2799999999997,293.25333333333333,0,0,2023-06-10,48,Website,0
66,M,Divorced,Medium,2,604.8199999999999,302.40999999999997,1,0,2023-12-18,30,Mobile App,0
51,M,Married,Low,4,967.0799999999999,241.76999999999998,2,2,2023-12-02,10,Online Banking,0
35,F,Single,High,2,284.57,142.285,0,0,2023-02-06,20,Mobile App,1
47,M,Divorced,High,3,618.27,206.09,2,1,2023-02-26,44,Online Banking,0
30,F,Single,High,8,2600.41,325.05125,2,1,2023-08-21,7,Website,0
64,F,Divorced,High,6,1172.35,195.39166666666665,1,0,2023-08-24,34,Website,0
50,F,Divorced,Low,9,2056.76,228.5288888888889,2,0,2023-12-07,27,Website,0
52,F,Divorced,Medium,6,1560.95,260.15833333333336,2,1,2023-06-26,23,Online Banking,1
69,M,Widowed,Medium,4,1122.07,280.5175,0,0,2023-11-04,46,Website,0
41,F,Widowed,High,3,539.68,179.89333333333332,0,0,2023-02-19,45,Website,0
43,F,Widowed,Medium,6,2081.7,346.95,0,0,2023-08-09,25,Mobile App,0
64,F,Single,Medium,5,1484.12,296.82399999999996,1,0,2023-09-06,28,Mobile App,1
68,M,Single,Medium,9,1725.5,191.72222222222223,2,2,2023-08-07,18,Online Banking,0
61,F,Widowed,Medium,2,575.97,287.985,1,0,2023-03-12,13,Website,0
59,M,Single,Medium,1,477.75,477.75,2,1,2023-01-30,13,Online Banking,0
64,M,Married,Low,9,1309.22,145.4688888888889,1,0,2023-01-07,45,Online Banking,0
18,F,Single,Low,9,2577.9500000000003,286.4388888888889,1,1,2023-11-06,34,Mobile App,1
30,M,Married,Low,5,693.13,138.626,2,0,2023-04-28,14,Mobile App,1
27,M,Widowed,Medium,1,496.99,496.99,0,0,2023-02-15,28,Mobile App,0
36,F,Married,Low,5,1079.2,215.84,1,0,2023-12-07,13,Online Banking,0
22,F,Widowed,Medium,3,910.23,303.41,2,0,2023-07-09,34,Website,0
25,M,Widowed,Medium,8,2189.69,273.71125,0,0,2023-08-10,5,Mobile App,0
21,F,Widowed,Low,5,1068.46,213.692,0,0,2023-08-22,40,Mobile App,0
66,M,Single,High,5,1257.45,251.49,2,1,2023-05-26,10,Mobile App,0
30,F,Divorced,Medium,6,970.67,161.77833333333334,2,2,2023-01-30,36,Website,0
55,F,Divorced,Medium,7,1500.63,214.3757142857143,2,1,2023-04-13,6,Online Banking,0
63,F,Married,Low,4,1124.58,281.145,2,2,2023-04-30,21,Online Banking,0
66,M,Divorced,Medium,8,1918.91,239.86375,0,0,2023-07-07,35,Website,0
63,M,Widowed,Medium,1,41.49,41.49,0,0,2023-11-24,16,Online Banking,0
36,M,Divorced,Medium,5,1586.9,317.38,1,0,2023-08-01,20,Website,1
69,F,Married,Low,5,1647.73,329.546,2,1,2023-08-06,31,Mobile App,0
67,M,Widowed,High,6,1488.0,248.0,0,0,2023-09-22,5,Website,1
25,F,Single,High,9,2064.51,229.39000000000001,2,1,2023-07-24,6,Online Banking,0
44,F,Widowed,Low,6,1563.06,260.51,1,0,2023-07-17,2,Mobile App,0
67,M,Widowed,Medium,7,2107.59,301.0842857142857,1,1,2023-10-19,39,Mobile App,0
64,F,Married,High,2,548.61,274.305,1,0,2023-01-28,22,Mobile App,0
47,M,Single,Low,5,1042.79,208.558,1,1,2023-09-07,11,Mobile App,1
21,F,Widowed,Low,6,1133.6799999999998,188.94666666666663,0,0,2023-08-10,15,Website,0
28,M,Single,Medium,4,1567.71,391.9275,2,1,2023-08-09,13,Online Banking,0
38,F,Widowed,Medium,7,1960.77,280.11,1,0,2023-10-08,33,Online Banking,0
60,F,Widowed,Low,9,2141.4,237.93333333333334,2,1,2023-09-10,46,Mobile App,0
19,M,Married,Low,8,1255.38,156.9225,2,1,2023-05-10,14,Website,0
38,M,Widowed,Low,5,1041.15,208.23000000000002,0,0,2023-08-20,39,Online Banking,1
34,F,Widowed,High,8,1755.6999999999998,219.46249999999998,2,0,2023-09-20,2,Website,1
60,M,Widowed,Medium,9,2782.16,309.12888888888887,1,0,2023-04-28,10,Website,0
68,F,Divorced,Low,2,441.32,220.66,2,0,2023-12-21,42,Website,1
46,F,Single,Medium,5,1381.17,276.23400000000004,2,1,2023-08-06,30,Online Banking,0
44,F,Married,High,6,1189.15,198.1916666666667,1,0,2023-10-14,32,Website,0
41,F,Married,Low,6,2430.75,405.125,2,0,2023-05-23,9,Website,0
66,F,Married,Medium,4,993.04,248.26,1,0,2023-12-31,48,Online Banking,0
20,M,Widowed,High,9,2309.95,256.6611111111111,0,0,2023-02-09,16,Website,0
56,M,Single,Low,4,922.22,230.555,1,0,2023-12-29,39,Website,0
27,M,Divorced,Medium,6,953.9499999999999,158.99166666666665,2,0,2023-05-27,5,Mobile App,0
20,F,Divorced,Low,4,912.13,228.0325,1,1,2023-01-03,46,Mobile App,1
62,M,Married,Medium,5,1213.09,242.618,2,1,2023-05-28,15,Online Banking,0
59,M,Single,Medium,7,1621.99,231.71285714285713,0,0,2023-09-05,4,Website,0
43,M,Divorced,High,2,504.29,252.145,2,1,2023-09-07,24,Mobile App,0
54,F,Married,High,8,2136.39,267.04875,1,1,2023-11-14,25,Website,0
44,M,Divorced,High,7,2218.53,316.9328571428572,1,0,2023-12-19,37,Website,0
22,M,Divorced,High,6,1100.6200000000001,183.4366666666667,1,0,2023-01-17,24,Website,0
59,M,Single,High,3,421.3,140.43333333333334,1,0,2023-08-20,42,Online Banking,1
28,F,Married,Medium,4,1217.41,304.3525,0,0,2023-02-28,13,Mobile App,1
30,M,Divorced,High,6,1759.63,293.2716666666667,2,1,2023-08-18,20,Online Banking,0
58,F,Widowed,Medium,9,1482.3600000000001,164.70666666666668,0,0,2023-02-10,5,Mobile App,0
51,F,Widowed,Medium,4,1290.08,322.52,1,0,2023-02-17,20,Online Banking,0
55,M,Divorced,Low,2,871.11,435.555,1,0,2023-04-08,18,Online Banking,0
57,F,Single,Medium,7,2042.29,291.7557142857143,2,0,2023-03-09,39,Mobile App,1
50,M,Single,Medium,8,2206.29,275.78625,0,0,2023-12-08,49,Website,0
51,F,Divorced,High,9,1650.27,183.36333333333334,2,0,2023-05-22,3,Online Banking,0
44,M,Single,Medium,2,493.38,246.69,0,0,2023-08-21,44,Online Banking,0
53,M,Single,High,8,1299.37,162.42125,0,0,2023-10-20,31,Online Banking,0
43,F,Widowed,Medium,4,337.9,84.475,0,0,2023-12-17,30,Website,0
68,M,Married,Medium,8,1295.74,161.9675,1,0,2023-03-23,41,Online Banking,0
42,F,Married,High,5,985.26,197.052,1,1,2023-05-06,24,Website,0
36,M,Divorced,Low,2,566.46,283.23,0,0,2023-09-08,5,Online Banking,0
38,F,Divorced,Medium,2,304.95,152.475,1,0,2023-06-19,20,Mobile App,0
48,F,Divorced,Medium,9,2275.24,252.8044444444444,2,2,2023-01-29,24,Mobile App,0
46,F,Widowed,High,3,651.38,217.12666666666667,1,0,2023-12-31,17,Online Banking,1
26,F,Widowed,High,1,318.01,318.01,0,0,2023-02-04,8,Online Banking,0
36,F,Single,Low,9,1087.05,120.78333333333333,0,0,2023-11-11,21,Website,0
43,M,Widowed,Low,6,1099.45,183.24166666666667,1,1,2023-07-18,14,Mobile App,1
42,M,Married,Low,6,2317.93,386.32166666666666,0,0,2023-10-09,38,Online Banking,1
57,F,Widowed,Medium,4,1361.59,340.3975,1,1,2023-10-12,32,Online Banking,0
60,M,Divorced,Medium,1,144.37,144.37,0,0,2023-06-13,36,Online Banking,0
46,M,Married,High,2,395.99,197.995,0,0,2023-07-17,40,Website,0
42,F,Single,High,8,1417.95,177.24375,1,1,2023-09-03,4,Mobile App,1
36,F,Married,High,5,1463.62,292.724,0,0,2023-08-22,21,Website,0
21,F,Widowed,Low,5,1000.79,200.158,1,1,2023-09-14,25,Mobile App,0
62,F,Widowed,Low,5,1521.8600000000001,304.372,1,1,2023-11-21,45,Mobile App,0
37,M,Single,Low,5,825.2,165.04000000000002,1,0,2023-07-21,1,Mobile App,0
63,M,Divorced,Medium,6,1130.44,188.40666666666667,2,0,2023-06-06,47,Mobile App,1
18,F,Single,Medium,7,1600.01,228.57285714285715,0,0,2023-08-26,13,Website,0
28,M,Single,High,9,1729.93,192.21444444444444,2,1,2023-01-03,16,Online Banking,0
21,M,Single,Low,5,1182.6,236.51999999999998,0,0,2023-06-28,29,Mobile App,0
24,F,Single,Medium,5,997.8299999999999,199.56599999999997,1,0,2023-06-24,39,Mobile App,0
45,M,Widowed,Low,8,1829.46,228.6825,1,1,2023-08-04,29,Website,1
53,M,Divorced,Medium,8,2806.69,350.83625,1,0,2023-03-29,12,Mobile App,0
24,F,Married,Low,5,1069.53,213.906,1,0,2023-02-07,31,Website,0
37,M,Divorced,Medium,6,1505.23,250.87166666666667,0,0,2023-10-31,20,Mobile App,0
52,M,Divorced,Medium,8,2238.86,279.8575,0,0,2023-02-18,35,Online Banking,0
68,M,Single,Medium,5,1667.48,333.496,0,0,2023-09-19,41,Mobile App,0
68,F,Divorced,Medium,6,1672.9299999999998,278.82166666666666,2,0,2023-11-22,28,Online Banking,0
56,F,Single,High,2,690.1600000000001,345.08000000000004,2,1,2023-01-03,35,Mobile App,1
38,M,Married,Low,5,830.54,166.108,2,1,2023-01-20,29,Website,0
61,F,Single,Medium,1,38.12,38.12,0,0,2023-08-20,44,Mobile App,1
18,M,Married,Medium,2,580.18,290.09,1,0,2023-01-29,39,Online Banking,0
54,F,Divorced,Low,4,569.13,142.2825,1,1,2023-09-23,29,Mobile App,0
63,M,Single,Medium,3,1178.95,392.98333333333335,1,1,2023-12-01,34,Website,0
59,F,Widowed,Medium,1,47.85,47.85,2,1,2023-07-12,10,Mobile App,0
20,M,Married,Low,8,2656.16,332.02,2,1,2023-09-25,37,Online Banking,0
51,M,Divorced,High,3,524.36,174.78666666666666,0,0,2023-05-18,48,Website,0
30,F,Married,High,1,379.0,379.0,1,0,2023-07-10,7,Mobile App,1
33,M,Single,Medium,2,224.33,112.165,2,0,2023-08-08,9,Website,0
51,M,Widowed,High,9,2320.9,257.8777777777778,0,0,2023-07-24,16,Website,0
41,F,Married,High,2,410.36,205.18,2,1,2023-05-27,21,Mobile App,0
30,F,Married,Medium,2,258.79,129.395,1,0,2023-05-16,14,Website,0
23,M,Married,Medium,6,1581.13,263.5216666666667,0,0,2023-03-07,2,Online Banking,0
56,M,Divorced,High,7,1031.04,147.29142857142855,2,1,2023-10-14,26,Online Banking,0
19,M,Widowed,Medium,7,1537.15,219.59285714285716,0,0,2023-03-20,34,Website,0
28,F,Widowed,Medium,9,2739.69,304.41,1,1,2023-06-10,47,Mobile App,0
24,F,Widowed,High,2,440.09000000000003,220.04500000000002,0,0,2023-12-26,49,Website,0
24,M,Married,Low,6,985.19,164.19833333333335,0,0,2023-12-20,18,Website,0
56,M,Married,High,6,1858.01,309.66833333333335,0,0,2023-07-22,12,Website,0
56,M,Married,High,7,1708.06,244.00857142857143,2,1,2023-12-15,19,Online Banking,1
29,M,Married,High,1,358.81,358.81,1,1,2023-01-18,36,Website,0
68,F,Single,Medium,4,1268.83,317.2075,2,1,2023-09-16,38,Online Banking,0
39,M,Single,High,8,2710.07,338.75875,0,0,2023-04-30,16,Website,0
68,M,Divorced,Medium,3,868.72,289.5733333333333,0,0,2023-10-20,46,Website,0
68,F,Married,Low,1,488.21,488.21,2,0,2023-12-29,8,Mobile App,0
69,F,Divorced,High,8,2066.71,258.33875,0,0,2023-12-02,9,Website,0
20,F,Widowed,Low,8,1940.62,242.5775,1,0,2023-09-20,4,Online Banking,0
30,F,Married,High,7,2189.5499999999997,312.7928571428571,0,0,2023-05-31,36,Website,0
47,M,Single,Medium,8,2181.62,272.7025,0,0,2023-08-05,47,Website,0
27,M,Married,Low,1,328.09,328.09,1,0,2023-07-11,38,Online Banking,0
69,F,Widowed,High,7,1311.23,187.31857142857143,2,0,2023-11-10,49,Online Banking,0
26,F,Divorced,Low,1,189.28,189.28,2,1,2023-04-01,49,Website,0
23,M,Married,Medium,3,745.26,248.42,0,0,2023-09-10,45,Website,0
61,M,Single,Medium,7,776.71,110.95857142857143,2,2,2023-10-15,4,Website,0
19,M,Widowed,High,9,2069.03,229.89222222222224,1,1,2023-10-05,8,Online Banking,0
61,F,Widowed,High,9,2431.0299999999997,270.1144444444444,2,1,2023-01-09,43,Mobile App,0
33,F,Divorced,Low,7,2197.83,313.9757142857143,1,0,2023-08-21,7,Mobile App,0
30,F,Married,Medium,4,812.28,203.07,2,1,2023-03-11,3,Website,0
65,M,Single,Medium,3,436.94,145.64666666666668,1,1,2023-09-04,1,Online Banking,0
30,M,Married,High,4,306.88,76.72,0,0,2023-01-26,4,Mobile App,0
39,M,Single,Medium,2,369.47,184.735,2,0,2023-03-01,1,Mobile App,0
36,F,Divorced,Medium,5,1602.17,320.434,2,2,2023-03-15,46,Website,0
43,F,Widowed,Medium,1,183.21,183.21,1,1,2023-01-16,42,Mobile App,0
31,M,Divorced,Low,9,3026.91,336.3233333333333,2,1,2023-10-14,38,Mobile App,0
48,M,Widowed,Low,3,983.26,327.75333333333333,2,1,2023-08-21,37,Mobile App,0
46,F,Married,Low,7,1649.0800000000002,235.58285714285716,0,0,2023-09-26,12,Mobile App,0
62,F,Widowed,Medium,8,1403.03,175.37875,1,0,2023-11-22,42,Online Banking,0
59,F,Single,High,8,2125.28,265.66,2,2,2023-08-21,10,Mobile App,0
39,M,Divorced,High,9,2794.0,310.44444444444446,1,1,2023-01-09,47,Online Banking,0
24,M,Widowed,High,1,38.78,38.78,1,1,2023-12-16,1,Website,1
54,F,Widowed,Low,3,353.54,117.84666666666668,1,0,2023-03-23,2,Online Banking,0
66,M,Married,Medium,2,517.94,258.97,0,0,2023-01-14,12,Website,0
58,F,Married,Low,7,1040.2,148.6,2,1,2023-09-17,39,Online Banking,0
44,M,Married,Low,4,762.78,190.695,1,0,2023-06-22,48,Mobile App,1
48,M,Single,High,7,1684.39,240.62714285714287,1,0,2023-11-24,36,Mobile App,0
23,M,Married,High,8,1222.55,152.81875,1,1,2023-11-27,7,Online Banking,0
33,F,Widowed,Medium,5,1235.8,247.16,0,0,2023-04-03,38,Website,1
55,M,Single,Low,1,54.82,54.82,0,0,2023-06-07,25,Website,0
55,F,Married,Medium,9,1865.09,207.23222222222222,2,1,2023-12-06,3,Website,0
67,M,Widowed,Low,3,718.24,239.41333333333333,0,0,2023-02-02,27,Online Banking,0
49,F,Single,Medium,4,797.14,199.285,0,0,2023-08-16,24,Online Banking,0
50,F,Widowed,Low,3,1058.9,352.9666666666667,0,0,2023-02-27,27,Mobile App,0
66,F,Married,Medium,9,1915.01,212.7788888888889,1,1,2023-07-30,6,Mobile App,0
34,F,Married,Low,1,267.44,267.44,2,0,2023-09-17,25,Mobile App,0
50,F,Single,Low,7,1722.8,246.1142857142857,2,1,2023-07-31,43,Website,0
28,M,Divorced,High,7,1786.6,255.22857142857143,0,0,2023-06-22,31,Online Banking,0
30,M,Widowed,Low,6,1176.86,196.14333333333332,0,0,2023-08-31,44,Mobile App,0
47,F,Widowed,High,8,1799.3600000000001,224.92000000000002,1,0,2023-05-10,9,Mobile App,0
18,F,Divorced,Medium,4,1140.8200000000002,285.20500000000004,0,0,2023-10-11,39,Mobile App,1
47,F,Divorced,High,7,1547.47,221.06714285714287,0,0,2023-12-14,29,Website,1
44,M,Widowed,Low,9,2059.02,228.78,1,1,2023-10-08,14,Mobile App,0
57,F,Single,High,6,1778.2,296.3666666666667,1,1,2023-11-05,36,Online Banking,0
40,M,Divorced,High,3,1135.0,378.3333333333333,1,1,2023-08-10,29,Website,0
37,F,Married,Medium,9,2462.85,273.65,2,2,2023-02-10,43,Website,0
23,M,Single,High,2,760.13,380.065,1,1,2023-03-25,41,Website,1
54,F,Divorced,Medium,5,1930.4099999999999,386.082,0,0,2023-01-20,38,Mobile App,1
37,M,Married,Medium,1,157.62,157.62,0,0,2023-05-03,22,Online Banking,1
54,M,Married,High,5,1462.34,292.46799999999996,0,0,2023-06-06,12,Mobile App,1
23,F,Widowed,Low,8,2584.66,323.0825,2,1,2023-05-21,40,Website,0
46,F,Single,Medium,1,358.27,358.27,0,0,2023-02-16,49,Online Banking,0
30,F,Divorced,High,2,809.61,404.805,0,0,2023-08-10,26,Website,0
44,F,Married,Medium,5,1985.28,397.056,1,1,2023-03-10,46,Mobile App,0
67,M,Widowed,High,1,350.46,350.46,1,0,2023-06-05,28,Online Banking,0
37,M,Divorced,High,1,74.06,74.06,2,1,2023-04-29,21,Website,0
30,M,Married,Low,1,282.29,282.29,1,0,2023-11-14,27,Mobile App,0
56,M,Widowed,High,4,939.39,234.8475,2,0,2023-10-28,33,Website,1
25,M,Married,Medium,9,2591.57,287.95222222222225,0,0,2023-07-28,29,Mobile App,0
34,M,Widowed,Medium,7,1842.6599999999999,263.2371428571428,2,1,2023-03-30,24,Mobile App,1
47,F,Widowed,Low,3,695.9300000000001,231.9766666666667,1,1,2023-06-19,32,Website,0
18,M,Single,Medium,1,394.48,394.48,0,0,2023-11-22,6,Website,0
41,M,Divorced,Low,7,1536.43,219.49,2,1,2023-04-04,27,Mobile App,0
33,M,Widowed,High,6,1440.83,240.13833333333332,0,0,2023-09-22,16,Website,0
28,F,Married,High,7,1539.42,219.91714285714286,0,0,2023-06-13,36,Online Banking,0
21,M,Divorced,High,2,398.92,199.46,1,0,2023-03-19,47,Website,0
21,F,Divorced,Low,5,1280.1000000000001,256.02000000000004,2,1,2023-06-04,30,Website,0
34,M,Divorced,Medium,5,541.1999999999999,108.23999999999998,0,0,2023-07-20,15,Website,0
66,M,Single,Medium,3,451.82,150.60666666666665,0,0,2023-11-13,8,Mobile App,0
27,F,Widowed,High,3,589.06,196.35333333333332,1,1,2023-05-06,31,Website,1
38,M,Widowed,Medium,5,1416.12,283.224,0,0,2023-02-12,9,Mobile App,1
55,M,Widowed,Low,4,956.3,239.075,0,0,2023-06-12,42,Online Banking,0
66,F,Widowed,Low,4,1085.17,271.2925,0,0,2023-04-22,21,Online Banking,0
35,F,Married,Low,7,1494.92,213.56,2,1,2023-11-08,39,Online Banking,0
27,M,Widowed,Low,1,344.33,344.33,1,1,2023-03-20,39,Website,0
62,M,Divorced,Medium,9,2580.58,286.7311111111111,2,1,2023-10-21,43,Website,0
33,F,Widowed,Low,6,2009.3200000000002,334.8866666666667,0,0,2023-07-20,20,Online Banking,0
56,F,Widowed,Medium,6,1453.74,242.29,2,1,2023-12-08,26,Website,0
32,F,Widowed,High,3,858.04,286.0133333333333,0,0,2023-10-20,38,Online Banking,0
51,F,Widowed,Medium,1,32.8,32.8,0,0,2023-06-01,43,Mobile App,0
22,M,Single,Low,5,972.8,194.56,1,1,2023-05-21,14,Online Banking,0
34,M,Divorced,Medium,1,285.35,285.35,0,0,2023-11-17,48,Online Banking,0
54,F,Single,High,6,1553.52,258.92,2,2,2023-02-10,41,Online Banking,0
25,M,Divorced,High,3,964.3299999999999,321.4433333333333,2,1,2023-05-01,21,Mobile App,0
41,F,Widowed,High,4,1021.08,255.27,2,2,2023-04-04,19,Online Banking,1
45,F,Widowed,Medium,3,660.3299999999999,220.10999999999999,2,0,2023-09-17,14,Online Banking,0
64,M,Divorced,Low,9,2348.82,260.98,2,1,2023-03-13,9,Online Banking,0
25,F,Divorced,Low,1,213.98,213.98,1,1,2023-07-11,42,Mobile App,1
40,F,Single,Medium,7,2097.75,299.67857142857144,0,0,2023-05-16,4,Mobile App,1
52,M,Single,Low,1,230.71,230.71,0,0,2023-04-28,23,Online Banking,0
48,M,Married,Low,2,344.12,172.06,1,0,2023-01-17,22,Online Banking,0
34,F,Married,Medium,4,1296.96,324.24,1,1,2023-04-25,20,Online Banking,0
45,M,Single,High,6,748.6800000000001,124.78000000000002,2,2,2023-03-22,19,Website,1
65,M,Married,Low,2,283.95,141.975,0,0,2023-10-17,19,Mobile App,1
65,M,Single,High,3,1105.44,368.48,0,0,2023-10-26,23,Mobile App,0
68,M,Single,Low,1,56.53,56.53,0,0,2023-10-18,31,Website,0
29,M,Single,High,6,1789.81,298.3016666666667,0,0,2023-09-12,46,Mobile App,0
41,M,Married,High,7,1892.1799999999998,270.31142857142856,0,0,2023-09-14,19,Mobile App,1
32,F,Divorced,Low,2,557.62,278.81,0,0,2023-02-17,44,Online Banking,0
57,M,Widowed,Low,3,772.3399999999999,257.44666666666666,2,0,2023-02-08,20,Online Banking,0
48,F,Married,Medium,7,1465.5,209.35714285714286,1,1,2023-09-14,26,Mobile App,0
44,F,Widowed,Low,7,1711.28,244.46857142857144,1,0,2023-05-18,6,Website,1
52,F,Widowed,Low,8,2079.5,259.9375,1,1,2023-05-04,28,Online Banking,0
35,M,Divorced,Medium,1,285.43,285.43,0,0,2023-09-23,41,Website,0
53,M,Married,High,6,913.21,152.20166666666668,1,0,2023-06-20,4,Mobile App,1
25,F,Widowed,Medium,5,1395.3000000000002,279.06000000000006,2,1,2023-05-09,49,Mobile App,0
63,F,Divorced,High,8,1127.04,140.88,1,0,2023-05-01,44,Website,0
66,F,Divorced,Medium,5,1752.58,350.51599999999996,2,1,2023-03-04,9,Website,0
55,F,Single,Low,7,1392.61,198.9442857142857,2,0,2023-11-08,49,Online Banking,0
22,M,Married,Low,7,1683.65,240.52142857142857,0,0,2023-06-08,14,Mobile App,1
31,F,Widowed,High,9,2543.12,282.56888888888886,2,2,2023-02-14,31,Website,0
55,M,Divorced,Low,7,1530.42,218.6314285714286,2,2,2023-07-26,29,Website,1
37,F,Widowed,High,1,483.5,483.5,2,1,2023-06-07,49,Mobile App,1
61,M,Married,Medium,3,801.36,267.12,0,0,2023-09-17,22,Website,0
26,M,Single,Low,1,311.62,311.62,1,1,2023-03-26,9,Website,0
50,F,Widowed,High,1,81.64,81.64,0,0,2023-12-27,11,Website,0
35,F,Single,Medium,9,1801.34,200.14888888888888,2,2,2023-07-23,25,Mobile App,0
23,F,Divorced,Low,5,1020.0,204.0,1,0,2023-07-31,34,Website,1
54,F,Single,Low,1,227.25,227.25,0,0,2023-01-29,38,Mobile App,0
19,M,Widowed,High,2,419.82,209.91,0,0,2023-04-01,5,Mobile App,0
47,M,Married,Low,1,252.15,252.15,0,0,2023-07-10,47,Website,0
23,M,Widowed,High,9,2393.2599999999998,265.91777777777776,0,0,2023-01-08,23,Website,0
34,M,Widowed,Low,6,1670.79,278.465,0,0,2023-08-13,22,Mobile App,0
